model_name,factor,group,bootstrap_ci_high__class_correct,bootstrap_ci_high__class_macro_f1,bootstrap_ci_high__global_mae,bootstrap_ci_high__mae_shell_0,bootstrap_ci_high__mae_shell_1,bootstrap_ci_high__mae_shell_2,bootstrap_ci_high__mae_shell_3,bootstrap_ci_high__mae_shell_4,bootstrap_ci_high__non_local_f1,bootstrap_ci_high__non_local_recall,bootstrap_ci_high__perturbed_auprc,bootstrap_ci_high__perturbed_auroc,bootstrap_ci_high__radius_mae,bootstrap_ci_high__shell_mae,bootstrap_ci_low__class_correct,bootstrap_ci_low__class_macro_f1,bootstrap_ci_low__global_mae,bootstrap_ci_low__mae_shell_0,bootstrap_ci_low__mae_shell_1,bootstrap_ci_low__mae_shell_2,bootstrap_ci_low__mae_shell_3,bootstrap_ci_low__mae_shell_4,bootstrap_ci_low__non_local_f1,bootstrap_ci_low__non_local_recall,bootstrap_ci_low__perturbed_auprc,bootstrap_ci_low__perturbed_auroc,bootstrap_ci_low__radius_mae,bootstrap_ci_low__shell_mae,cluster_mean__class_correct,cluster_mean__class_macro_f1,cluster_mean__global_mae,cluster_mean__mae_shell_0,cluster_mean__mae_shell_1,cluster_mean__mae_shell_2,cluster_mean__mae_shell_3,cluster_mean__mae_shell_4,cluster_mean__non_local_f1,cluster_mean__non_local_recall,cluster_mean__perturbed_auprc,cluster_mean__perturbed_auroc,cluster_mean__radius_mae,cluster_mean__shell_mae,n_clusters__class_correct,n_clusters__class_macro_f1,n_clusters__global_mae,n_clusters__mae_shell_0,n_clusters__mae_shell_1,n_clusters__mae_shell_2,n_clusters__mae_shell_3,n_clusters__mae_shell_4,n_clusters__non_local_f1,n_clusters__non_local_recall,n_clusters__perturbed_auprc,n_clusters__perturbed_auroc,n_clusters__radius_mae,n_clusters__shell_mae,n_residues__class_correct,n_residues__class_macro_f1,n_residues__global_mae,n_residues__mae_shell_0,n_residues__mae_shell_1,n_residues__mae_shell_2,n_residues__mae_shell_3,n_residues__mae_shell_4,n_residues__non_local_f1,n_residues__non_local_recall,n_residues__perturbed_auprc,n_residues__perturbed_auroc,n_residues__radius_mae,n_residues__shell_mae,n_samples__class_correct,n_samples__class_macro_f1,n_samples__global_mae,n_samples__mae_shell_0,n_samples__mae_shell_1,n_samples__mae_shell_2,n_samples__mae_shell_3,n_samples__mae_shell_4,n_samples__non_local_f1,n_samples__non_local_recall,n_samples__perturbed_auprc,n_samples__perturbed_auroc,n_samples__radius_mae,n_samples__shell_mae,n_valid_samples__class_correct,n_valid_samples__class_macro_f1,n_valid_samples__global_mae,n_valid_samples__mae_shell_0,n_valid_samples__mae_shell_1,n_valid_samples__mae_shell_2,n_valid_samples__mae_shell_3,n_valid_samples__mae_shell_4,n_valid_samples__non_local_f1,n_valid_samples__non_local_recall,n_valid_samples__perturbed_auprc,n_valid_samples__perturbed_auroc,n_valid_samples__radius_mae,n_valid_samples__shell_mae,residue_weighted_cluster_mean__class_correct,residue_weighted_cluster_mean__class_macro_f1,residue_weighted_cluster_mean__global_mae,residue_weighted_cluster_mean__mae_shell_0,residue_weighted_cluster_mean__mae_shell_1,residue_weighted_cluster_mean__mae_shell_2,residue_weighted_cluster_mean__mae_shell_3,residue_weighted_cluster_mean__mae_shell_4,residue_weighted_cluster_mean__non_local_f1,residue_weighted_cluster_mean__non_local_recall,residue_weighted_cluster_mean__perturbed_auprc,residue_weighted_cluster_mean__perturbed_auroc,residue_weighted_cluster_mean__radius_mae,residue_weighted_cluster_mean__shell_mae,sample_mean__class_correct,sample_mean__class_macro_f1,sample_mean__global_mae,sample_mean__mae_shell_0,sample_mean__mae_shell_1,sample_mean__mae_shell_2,sample_mean__mae_shell_3,sample_mean__mae_shell_4,sample_mean__non_local_f1,sample_mean__non_local_recall,sample_mean__perturbed_auprc,sample_mean__perturbed_auroc,sample_mean__radius_mae,sample_mean__shell_mae,sample_weighted_cluster_mean__class_correct,sample_weighted_cluster_mean__class_macro_f1,sample_weighted_cluster_mean__global_mae,sample_weighted_cluster_mean__mae_shell_0,sample_weighted_cluster_mean__mae_shell_1,sample_weighted_cluster_mean__mae_shell_2,sample_weighted_cluster_mean__mae_shell_3,sample_weighted_cluster_mean__mae_shell_4,sample_weighted_cluster_mean__non_local_f1,sample_weighted_cluster_mean__non_local_recall,sample_weighted_cluster_mean__perturbed_auprc,sample_weighted_cluster_mean__perturbed_auroc,sample_weighted_cluster_mean__radius_mae,sample_weighted_cluster_mean__shell_mae
MuSRNet,charge_binary_group,charge_involved,0.3747024843302249,0.12490082811007497,0.44169047019222607,0.5370349359066299,0.44570864426464657,0.3811675698728058,0.35960408399127586,0.4640275173985891,0.2744844816311121,0.34339615548757735,0.4097758917411475,0.8411209356116058,33.53933611581991,0.42485366343897435,0.18795288166622653,0.06265096055540885,0.25342308330678304,0.2811856388666431,0.24333250728849717,0.22526485102150848,0.21529268316417288,0.26072985809362625,0.09685768520572903,0.13065899114923826,0.29912589116246796,0.7862149671078928,22.925791424900336,0.2544184453098517,0.2782161574505925,0.0927387191501975,0.3381870016341688,0.3982337226089106,0.3335589536908596,0.2964723087272626,0.2808827232786477,0.35196022126835225,0.18186106375294536,0.23193750006838923,0.35330560258778027,0.8139455665421027,27.939651913275767,0.33222158591480655,59,59,59,59,59,59,59,59,59,59,59,59,59,59,4072508,4072508,4072508,4072508,4072508,4072508,4072508,4072508,4072508,4072508,4072508,4072508,4072508,4072508,17030,17030,17030,17030,17030,17030,17030,17030,17030,17030,17030,17030,17030,17030,17030,17030,17030,17030,17030,17030,17030,17030,17030,15983,16011,16011,17030,17030,0.17576984814272742,0.05858994938090914,0.37300013547564065,0.47760092486812605,0.38890101299271695,0.30229747747468916,0.29670117681814595,0.38766387418030457,0.15036410269604855,0.15834663435403248,0.36951987452366303,0.8284465382368339,35.49336460343575,0.37063289326679655,0.1900763358778626,0.0633587786259542,0.351684952061521,0.5685073694278209,0.3972860051147626,0.28114029248583305,0.2928135027818113,0.35755818376570836,0.1666470933646506,0.1775636613902271,0.36458031323217405,0.8319388863310712,31.236524307664816,0.37946107071518725,0.1900763358778626,0.06335877862595418,0.35168495206152095,0.5685073694278209,0.3972860051147626,0.2811402924858331,0.29281350278181134,0.35755818376570836,0.1666470933646506,0.1775636613902271,0.3645803132321742,0.8319388863310713,31.236524307664816,0.37946107071518725
MuSRNet,charge_binary_group,no_charge_involved,0.44405913059727725,0.14801971019909238,0.8694176658862148,1.125859063777461,1.0702089042852572,0.8200107297056968,0.8129644219744744,0.88464334969331,0.3458256255739028,0.3813089115009259,0.5020825245445205,0.848005226688323,29.00159822450166,0.9358016266363202,0.23426321234643335,0.0780877374488111,0.3114320434474071,0.49965488558921645,0.3972322224521963,0.3099678038866973,0.3041363471840425,0.3059973889946938,0.13909132174720396,0.15613341821898924,0.37505104337270234,0.7708882273406156,20.023387421121328,0.3750281773072465,0.33602239237996334,0.11200746412665445,0.5422519575751317,0.7804708979080107,0.6783985841229062,0.5224748326391503,0.520429395409265,0.5472826702541127,0.23979945144079276,0.26318525448063795,0.4379878211590098,0.8111618502136361,24.416084850796985,0.609811276066689,57,57,57,57,57,57,57,57,57,57,57,57,57,57,8597473,8597473,8597473,8597473,8597473,8597473,8597473,8597473,8597473,8597473,8597473,8597473,8597473,8597473,28951,28951,28951,28951,28951,28951,28951,28951,28951,28951,28951,28951,28951,28951,28951,28951,28951,28951,28951,28951,28951,28951,28951,28700,28657,28657,28951,28951,0.5582088470937498,0.18606961569791666,0.4778555478317463,0.38188657717369273,0.33275285562937684,0.319324470733193,0.3266276710318633,0.5382047545744921,0.5525061966739794,0.5573920193271866,0.4329800615402565,0.8117440463050127,25.281850638176028,0.3797592658285236,0.5479948879140617,0.1826649626380205,0.4930688078232569,0.4284694453429935,0.35400347959092476,0.33801944730373007,0.34406162755460096,0.551759386157923,0.5425373907637042,0.5472822299651567,0.4402879640333662,0.8115261934085908,24.91049499713647,0.40326267719003445,0.5479948879140617,0.1826649626380206,0.4930688078232569,0.4284694453429935,0.35400347959092476,0.33801944730373007,0.3440616275546009,0.551759386157923,0.5425373907637042,0.5472822299651567,0.4402879640333663,0.8115261934085911,24.91049499713647,0.4032626771900345
MuSRNet,charge_group,charged_to_charged_same_sign,0.6710264373307852,0.2236754791102617,0.35145167183648296,0.5925006008081569,0.3115317230644744,0.23779496537987338,0.22645038003113213,0.3773802941610543,0.4014970536709667,0.48495527243155323,0.42510026981383575,0.897322619002875,37.848643125283466,0.3342172262378697,0.13377945210006278,0.044593150700020935,0.15447763414282029,0.23640483202982523,0.1350095018428859,0.12262446578336604,0.1267353898270295,0.1556316592071183,0.0,0.0,0.2504856348492208,0.8027487660375352,9.731586936294814,0.16583866158288735,0.40450681910190706,0.13483560636730232,0.24571713969348696,0.3983325517095693,0.2223639685760949,0.17810285929061015,0.17240644037704067,0.2584585939821663,0.18904284121675424,0.21767416644076984,0.3346858068939595,0.8497824350384724,22.469698351369235,0.24593288278709627,7,7,7,7,7,7,7,7,7,7,7,7,7,7,340700,340700,340700,340700,340700,340700,340700,340700,340700,340700,340700,340700,340700,340700,1490,1490,1490,1490,1490,1490,1490,1490,1490,1490,1490,1490,1490,1490,1490,1490,1490,1490,1490,1490,1490,1490,1490,986,993,993,1490,1490,0.3517647707985535,0.11725492359951784,0.3652576451502712,0.5077526176629851,0.3349795281203091,0.2500713485302538,0.24287261675179664,0.3851089665953246,0.31684234929790756,0.38284908042670684,0.3518052107328478,0.8093410395559404,31.471144075520144,0.34415701553213385,0.2912751677852349,0.0970917225950783,0.3026239072002493,0.5305835033429399,0.3494109224025583,0.21978776438351508,0.21694493993849404,0.30846587027974665,0.2342281879194631,0.3539553752535497,0.3405501203208351,0.827576302880386,22.33076797683767,0.3250386000694508,0.2912751677852349,0.0970917225950783,0.3026239072002493,0.5305835033429399,0.3494109224025584,0.21978776438351508,0.2169449399384941,0.30846587027974653,0.2342281879194631,0.3539553752535497,0.34055012032083515,0.827576302880386,22.33076797683767,0.3250386000694508
MuSRNet,charge_group,charged_to_neutral,0.3688726665456802,0.12295755551522669,0.4107467104593553,0.5798101660440388,0.4060543641839952,0.33298803954911066,0.3162032959724807,0.4333612301355148,0.28183969701540507,0.35633291764948716,0.38492996483160075,0.8366909877423608,30.87872064585302,0.3816843101319201,0.1737458915068165,0.05791529716893881,0.23175304850088443,0.2478170315561566,0.22715486672732446,0.21075164932811682,0.19774288351871055,0.23363169579245993,0.09596661474585616,0.1247704619177027,0.2619466570644268,0.7800674523070913,22.030752740710618,0.2385905344816677,0.26725701725386375,0.08908567241795456,0.30855358837962077,0.3832509714174054,0.3067284778546541,0.2678136106498041,0.2503743883851652,0.31877458553013704,0.183658378580352,0.2355033326369618,0.3225779874184635,0.8084233274997067,26.471015507676647,0.30538840676743323,52,52,52,52,52,52,52,52,52,52,52,52,52,52,2574864,2574864,2574864,2574864,2574864,2574864,2574864,2574864,2574864,2574864,2574864,2574864,2574864,2574864,10065,10065,10065,10065,10065,10065,10065,10065,10065,10065,10065,10065,10065,10065,10065,10065,10065,10065,10065,10065,10065,10065,10065,9563,9582,9582,10065,10065,0.22588312202653085,0.07529437400884362,0.35738768228846973,0.45346937824583633,0.36425835146645086,0.2906887930504185,0.2809031293392456,0.3745392368256835,0.19247881844082695,0.20329934536705474,0.36706532010131454,0.8267724538132364,32.00484677815992,0.35277177778552704,0.27332339791356186,0.09110779930452062,0.35233900927048595,0.6307953136367778,0.40770622059531497,0.28478311855913224,0.27608160642591834,0.36064486229809145,0.2448087431693989,0.25765973021018507,0.36491181818475554,0.8224550516241701,27.692965051752385,0.39200222430304693,0.27332339791356186,0.09110779930452062,0.35233900927048584,0.6307953136367777,0.40770622059531497,0.2847831185591323,0.2760816064259183,0.36064486229809145,0.2448087431693989,0.25765973021018507,0.36491181818475554,0.82245505162417,27.692965051752385,0.39200222430304693
MuSRNet,charge_group,negative_to_positive,0.7359434475258293,0.2453144825086097,0.28609145461300045,0.6194935966736843,0.3776185158091777,0.28085328307617774,0.2898408623569126,0.27958763986923574,0.7,,,,40.54101129462371,0.3709033951191726,0.06522022838499185,0.021740076128330614,0.137506570611146,0.22824233675996464,0.133611826324525,0.12566498353877692,0.12029432508288602,0.13900535272768133,0.0026101141924959217,,,,11.56354026794434,0.14970334843331093,0.3959434475258292,0.1319811491752764,0.20875991141095068,0.4120619907546961,0.231836279316118,0.2032591333074773,0.20335786853134205,0.20560975300277606,0.3026101141924959,0.5032679738562091,0.37958416006682955,0.8804489606036933,22.70433834264692,0.2512250049824819,5,5,5,5,5,5,5,5,5,5,5,5,5,5,199208,199208,199208,199208,199208,199208,199208,199208,199208,199208,199208,199208,199208,199208,650,650,650,650,650,650,650,650,650,650,650,650,650,650,650,650,650,650,650,650,650,650,650,630,632,632,650,650,0.045255504893450926,0.015085168297816975,0.3277140032794975,0.7365039558911121,0.4907022318854895,0.32179242414829784,0.34021491482544547,0.320277632515191,0.033781400774473114,0.03477617908839053,0.3521105495229946,0.8449684005182307,54.705929721468614,0.44189823185310706,0.043076923076923075,0.014358974358974357,0.32836060419887136,0.7381812977466065,0.49169759935391183,0.3224601491434857,0.34092492761742715,0.3208859693331829,0.03230769230769231,0.03333333333333333,0.3520755728993579,0.8449069262495664,54.80059739039494,0.4428299886389228,0.043076923076923075,0.014358974358974357,0.3283606041988715,0.7381812977466063,0.49169759935391183,0.3224601491434857,0.34092492761742715,0.3208859693331829,0.03230769230769231,0.03333333333333333,0.3520755728993579,0.8449069262495664,54.80059739039494,0.44282998863892276
MuSRNet,charge_group,neutral_to_charged,0.3911488558622317,0.13038295195407723,0.9194483404837648,1.6348860145038813,1.2160896405604686,0.9690138967022596,0.8460265774861938,0.9200566371936998,0.3333333333333333,0.3333333333333333,0.5936149631894235,0.8905902981330499,68.27067239612596,1.0924986422628016,0.0015192262326020288,0.0005064087442006762,0.2753073157292428,0.4176327464901699,0.3415229846866074,0.2688775558946451,0.2249382908902431,0.2621863994212079,0.0,0.0,0.400727044438638,0.7345284207161223,27.198750623075725,0.3308590878548701,0.16848061733192418,0.05616020577730804,0.5460656236623483,0.9766710612144475,0.7325333112931904,0.5526784786218303,0.4816368056638335,0.5394513210044695,0.1111111111111111,0.1111111111111111,0.4944653424966008,0.814821835860014,44.02619992638093,0.6565941955595542,9,9,9,9,9,9,9,9,9,9,9,9,9,9,876549,876549,876549,876549,876549,876549,876549,876549,876549,876549,876549,876549,876549,876549,4036,4036,4036,4036,4036,4036,4036,4036,4036,4036,4036,4036,4036,4036,4036,4036,4036,4036,4036,4036,4036,4036,4036,4015,4015,4015,4036,4036,0.005163827099347669,0.0017212756997825565,0.4347581054723173,0.4748833060214727,0.46614900984217483,0.35980329971702363,0.32963432857224756,0.45026262953823953,0.0014648353942563394,0.001470399618887077,0.38418374854294346,0.8332347463100929,43.64379421972983,0.41614651473823155,0.005946481665014866,0.0019821605550049554,0.3731863375568725,0.40998146071126124,0.38954029257826217,0.2993795474619599,0.3019408850450782,0.38434633739757407,0.0009910802775024777,0.00099626400996264,0.36694306906892776,0.8491955178556706,40.14642297530434,0.3570377046388271,0.005946481665014866,0.0019821605550049554,0.3731863375568725,0.40998146071126124,0.38954029257826217,0.2993795474619599,0.3019408850450782,0.3843463373975741,0.0009910802775024777,0.00099626400996264,0.3669430690689278,0.8491955178556706,40.14642297530434,0.3570377046388271
MuSRNet,charge_group,neutral_to_neutral,0.44405913059727725,0.14801971019909238,0.8694176658862148,1.125859063777461,1.0702089042852572,0.8200107297056968,0.8129644219744744,0.88464334969331,0.3458256255739028,0.3813089115009259,0.5020825245445205,0.848005226688323,29.00159822450166,0.9358016266363202,0.23426321234643335,0.0780877374488111,0.3114320434474071,0.49965488558921645,0.3972322224521963,0.3099678038866973,0.3041363471840425,0.3059973889946938,0.13909132174720396,0.15613341821898924,0.37505104337270234,0.7708882273406156,20.023387421121328,0.3750281773072465,0.33602239237996334,0.11200746412665445,0.5422519575751317,0.7804708979080107,0.6783985841229062,0.5224748326391503,0.520429395409265,0.5472826702541127,0.23979945144079276,0.26318525448063795,0.4379878211590098,0.8111618502136361,24.416084850796985,0.609811276066689,57,57,57,57,57,57,57,57,57,57,57,57,57,57,8597473,8597473,8597473,8597473,8597473,8597473,8597473,8597473,8597473,8597473,8597473,8597473,8597473,8597473,28951,28951,28951,28951,28951,28951,28951,28951,28951,28951,28951,28951,28951,28951,28951,28951,28951,28951,28951,28951,28951,28951,28951,28700,28657,28657,28951,28951,0.5582088470937498,0.18606961569791666,0.4778555478317463,0.38188657717369273,0.33275285562937684,0.319324470733193,0.3266276710318633,0.5382047545744921,0.5525061966739794,0.5573920193271866,0.4329800615402565,0.8117440463050127,25.281850638176028,0.3797592658285236,0.5479948879140617,0.1826649626380205,0.4930688078232569,0.4284694453429935,0.35400347959092476,0.33801944730373007,0.34406162755460096,0.551759386157923,0.5425373907637042,0.5472822299651567,0.4402879640333662,0.8115261934085908,24.91049499713647,0.40326267719003445,0.5479948879140617,0.1826649626380206,0.4930688078232569,0.4284694453429935,0.35400347959092476,0.33801944730373007,0.3440616275546009,0.551759386157923,0.5425373907637042,0.5472822299651567,0.4402879640333663,0.8115261934085911,24.91049499713647,0.4032626771900345
MuSRNet,charge_group,positive_to_negative,,,,,,,,,,,,,,,,,,,,,,,,,,,,,0.0,0.0,0.3125186395067372,0.35107910753941585,0.2422306178208844,0.1694153554548733,0.3823906402288003,0.361040493354876,0.0,0.0,0.3813303897681055,0.8595236343414336,25.643860685749416,0.30123124287976993,2,2,2,2,2,2,2,2,2,2,2,2,2,2,81187,81187,81187,81187,81187,81187,81187,81187,81187,81187,81187,81187,81187,81187,789,789,789,789,789,789,789,789,789,789,789,789,789,789,789,789,789,789,789,789,789,789,789,789,789,789,789,789,0.0,0.0,0.3452847161988645,0.516998773907594,0.31675978810460415,0.2232983779387347,0.5635647707349363,0.30396001481633206,0.0,0.0,0.388805524953098,0.8543938562755137,28.274046346007626,0.3849163451004402,0.0,0.0,0.3452199397504264,0.5166707612860539,0.31661244867787386,0.22319185463231594,0.563206601008566,0.30407285928988975,0.0,0.0,0.38879074708654326,0.8544039975202988,28.26884663633823,0.3847509049789399,0.0,0.0,0.3452199397504264,0.516670761286054,0.31661244867787386,0.22319185463231597,0.563206601008566,0.30407285928988975,0.0,0.0,0.38879074708654326,0.8544039975202988,28.26884663633823,0.3847509049789399
MuSRNet,domain_group,multi_domain,0.5161877282656867,0.1720625760885622,0.9326040624516498,0.9903159358788322,1.0234228300166461,0.8302551036593769,0.8264861937634157,0.9593404200789243,0.4175228505672841,0.4532608730616704,0.4548445671925145,0.8290643500266657,35.92799637112968,0.917280996013378,0.27573281064241617,0.09191093688080539,0.32016620898983433,0.3830928186000397,0.3233452764084855,0.2967910307004267,0.2966337047280462,0.3270536989143091,0.1734868327343546,0.19437967412631157,0.3106390100393792,0.7551528114395445,22.73313137548954,0.3346430844871042,0.3948085035449022,0.13160283451496738,0.5689092340311376,0.6427966249238093,0.6061560182499083,0.514549146504064,0.5095005135558858,0.5849953400053196,0.2921112468622169,0.3200124664092627,0.37942982036634076,0.792315376588729,28.928735704633414,0.5715995286477975,48,48,48,48,48,48,48,48,48,48,48,48,48,48,1220569,1220569,1220569,1220569,1220569,1220569,1220569,1220569,1220569,1220569,1220569,1220569,1220569,1220569,3113,3113,3113,3113,3113,3113,3113,3113,3113,3113,3113,3113,3113,3113,3113,3113,3113,3113,3113,3113,3113,3113,3113,2936,2879,2879,3113,3113,0.19435711804363168,0.06478570601454388,0.4349961445878578,0.5303505166784904,0.44764876872853254,0.3792242257672773,0.3560059173378616,0.45605985441160146,0.1567001129935905,0.16649671773301378,0.3444762023836027,0.7973643229108491,41.76008562221193,0.4338578565847526,0.2017346610986187,0.0672448870328729,0.5369378025104141,0.5965044132605057,0.5645708260723287,0.47571201839564786,0.4513595575467775,0.5603601163349557,0.1657565049791198,0.17574931880108993,0.35481453680520886,0.8097179444097177,38.17400300851253,0.5297013863220431,0.2017346610986187,0.06724488703287289,0.5369378025104141,0.5965044132605059,0.5645708260723287,0.4757120183956478,0.45135955754677753,0.5603601163349559,0.1657565049791198,0.17574931880108993,0.3548145368052089,0.8097179444097179,38.17400300851253,0.5297013863220431
MuSRNet,domain_group,single_domain,0.32061635326909604,0.10687211775636533,0.4040479869109879,0.706305559168365,0.5293751886788182,0.38703504875415673,0.3855887232932169,0.4289529397179272,0.22085517073684263,0.2657987390597117,0.44932586101229816,0.8641199393468527,27.42061102590475,0.46695078988007116,0.1480335449093949,0.04934451496979831,0.23890266429072166,0.3639732487782695,0.30039315247307996,0.23581194478772527,0.21138776442624546,0.23468688311927074,0.06361993449234814,0.07845480834177644,0.33123696769305444,0.8015445024583432,19.866779467943978,0.28189317572378597,0.23116146589718567,0.07705382196572855,0.30909674238199636,0.5236308941568185,0.40708465196941335,0.305670641571491,0.2875870615523964,0.31467269491223493,0.13753072318840479,0.167319400736419,0.38958048514880234,0.8339623231743546,23.64384392086686,0.36772918883247085,51,51,51,51,51,51,51,51,51,51,51,51,51,51,11444084,11444084,11444084,11444084,11444084,11444084,11444084,11444084,11444084,11444084,11444084,11444084,11444084,11444084,42860,42860,42860,42860,42860,42860,42860,42860,42860,42860,42860,42860,42860,42860,42860,42860,42860,42860,42860,42860,42860,42860,42860,41740,41782,41782,42860,42860,0.46103509075683896,0.15367836358561296,0.44509168559592766,0.4002680141134234,0.34054040510943867,0.3069017599703077,0.31283066538006116,0.4933742248158776,0.45171268319021773,0.46007952170399646,0.42012856706021245,0.8189684374562884,27.148646911833932,0.3707830138778217,0.4310079328044797,0.14366931093482654,0.43370850073974476,0.47195641603200605,0.35592889493152624,0.30543362820529796,0.3159108676254572,0.4739773810713307,0.4206252916472235,0.4319118351701006,0.4171625890308742,0.8194743354140875,26.45552940487695,0.3846414375731236,0.4310079328044797,0.14366931093482657,0.43370850073974465,0.47195641603200605,0.35592889493152624,0.30543362820529796,0.3159108676254572,0.4739773810713307,0.4206252916472235,0.4319118351701006,0.4171625890308742,0.8194743354140877,26.45552940487695,0.3846414375731235
MuSRNet,domain_group,unknown,,,,,,,,,,,,,,,,,,,,,,,,,,,,,0.16666666666666666,0.05555555555555555,0.502648174573295,0.189529104779164,0.24842077499580761,0.257137384899982,0.3218859823466764,0.5536968161183274,0.16666666666666666,0.3333333333333333,0.4048070581198149,0.7873964354784372,52.914907137552895,0.3141340126279915,3,3,3,3,3,3,3,3,3,3,3,3,3,3,5328,5328,5328,5328,5328,5328,5328,5328,5328,5328,5328,5328,5328,5328,8,8,8,8,8,8,8,8,8,8,8,8,8,8,8,8,8,8,8,8,8,8,8,7,7,7,8,8,0.11017267267267267,0.03672422422422422,0.4408319799055404,0.15660840339233378,0.23444821793221374,0.25686694370401175,0.31126697619708793,0.47123260352524216,0.11017267267267267,0.12381354144695211,0.44064333794013394,0.81635812113344,52.862154664220036,0.2860846289501779,0.125,0.041666666666666664,0.4745084973043157,0.16614798363298178,0.23924830161212457,0.2554227224131845,0.3150053296601988,0.5162829150110025,0.125,0.14285714285714285,0.4613191591901561,0.8035699042549128,52.760995388031006,0.2984214504658984,0.125,0.041666666666666664,0.4745084973043157,0.16614798363298178,0.23924830161212457,0.2554227224131845,0.3150053296601988,0.5162829150110025,0.125,0.14285714285714285,0.4613191591901561,0.8035699042549128,52.760995388031006,0.2984214504658984
MuSRNet,exposure_group,buried,0.37022853913473297,0.12340951304491098,0.6876788538784924,0.7515054800068276,0.7452666927166002,0.588280389670686,0.599444408430212,0.7129736172467521,0.25903337624022976,0.29345616474927044,0.409792991105565,0.8292480710097869,30.649013318642265,0.67273346039512,0.20160946213566902,0.067203154045223,0.29708635658196336,0.3599624334645625,0.30839773111405727,0.26724950918075124,0.26861332809970107,0.30342257578182447,0.10359390780901351,0.11840399133111854,0.3052677778956363,0.7748561566942761,22.978070703999087,0.3114568378500933,0.2837557543859353,0.09458525146197842,0.4531136877130058,0.5275331734740052,0.478723024443096,0.39411316520502676,0.39985492134993317,0.46894835356847114,0.17733789030086042,0.2015315909319945,0.3569250888070029,0.8033489598550162,26.71265130866044,0.45383452760810655,78,78,78,78,78,78,78,78,78,78,78,78,78,78,8311089,8311089,8311089,8311089,8311089,8311089,8311089,8311089,8311089,8311089,8311089,8311089,8311089,8311089,30171,30171,30171,30171,30171,30171,30171,30171,30171,30171,30171,30171,30171,30171,30171,30171,30171,30171,30171,30171,30171,30171,30171,29592,29594,29594,30171,30171,0.5574609466512479,0.18582031555041598,0.4549191545099621,0.3585245425074068,0.29564445814583296,0.2936127026671509,0.3217461717774217,0.5150578535450443,0.5434169511151575,0.5542552217607797,0.41942661421368005,0.8086435924414169,22.449715905785197,0.3569171457285714,0.5205329621159391,0.17351098737197967,0.45176531277161563,0.45685000588502045,0.32399753246640955,0.300679600521164,0.3281305652074806,0.5036480163575738,0.5065128766033609,0.5164233576642335,0.41882768763602823,0.8102529947180841,22.215802446563355,0.38266114408752966,0.5205329621159391,0.17351098737197967,0.4517653127716158,0.45685000588502045,0.3239975324664096,0.30067960052116394,0.3281305652074806,0.5036480163575737,0.5065128766033609,0.5164233576642335,0.41882768763602835,0.8102529947180841,22.215802446563355,0.38266114408752977
MuSRNet,exposure_group,exposed,0.4801609028872452,0.16005363429574843,0.8367264708699322,1.1724977611371403,1.053972731025943,0.7940653551304572,0.7654905308165999,0.8539845572972955,0.38164135963713597,0.4508892833974703,0.51840938963404,0.8570217296227232,32.902799555034136,0.9192219474505172,0.25906608479275534,0.08635536159758508,0.28690172144675025,0.529665585120687,0.39167319337283124,0.29966283737518573,0.2691339805476475,0.28192875891990055,0.1676015653407026,0.2055325521617849,0.381969903203901,0.7807935850240794,20.529925743288413,0.3676292844001937,0.36858252694437293,0.12286084231479094,0.5083233207879664,0.8263416157320633,0.6666978553806463,0.502696450599539,0.47650618131325023,0.5137113862745001,0.27216270424670985,0.32508000068441206,0.44897198860394527,0.8212318413705472,26.353931019732087,0.5971906978599998,54,54,54,54,54,54,54,54,54,54,54,54,54,54,4358892,4358892,4358892,4358892,4358892,4358892,4358892,4358892,4358892,4358892,4358892,4358892,4358892,4358892,15810,15810,15810,15810,15810,15810,15810,15810,15810,15810,15810,15810,15810,15810,15810,15810,15810,15810,15810,15810,15810,15810,15810,15091,15074,15074,15810,15810,0.20228877586640145,0.06742959195546715,0.42361975364077714,0.5156961148778023,0.455999704603433,0.3524873863924213,0.30801897667581035,0.44168808043073293,0.1940850277791167,0.1995116340232848,0.4010780683903054,0.8329402223013934,40.21885376343068,0.4147780525960399,0.2148640101201771,0.0716213367067257,0.4195963654184945,0.5251535664720965,0.45788778321930595,0.34800860041745646,0.3192609012544339,0.434385677208329,0.20638836179633144,0.21622158902657213,0.4020061690701799,0.835707344292808,36.86709513006747,0.41693930571432436,0.2148640101201771,0.0716213367067257,0.41959636541849443,0.5251535664720965,0.457887783219306,0.34800860041745646,0.31926090125443396,0.4343856772083291,0.20638836179633144,0.21622158902657213,0.40200616907017994,0.8357073442928081,36.86709513006747,0.41693930571432436
MuSRNet,gly_group,gly_involved,0.34432008328651104,0.11477336109550368,0.2902143638965663,0.3677647610490104,0.20355142436151236,0.19910572941329266,0.23878726785561266,0.31173255038648545,0.004662004662004662,0.004670912951167729,0.4149878684791774,0.9161837832043627,38.4416545218481,0.24978193056200437,0.06084912186312755,0.020283040621042515,0.15857094514866205,0.16455591978853826,0.11329413338269946,0.12249990435285206,0.1475748611856629,0.16265386403622806,0.0,0.0,0.25715073635233543,0.8400282860407149,22.18854428251621,0.14969074744746885,0.19048814923019344,0.06349604974339781,0.2197373947459618,0.2544832654369954,0.1587174675220805,0.15786131399793887,0.19171976587781167,0.2312092430665846,0.001554001554001554,0.001556970983722576,0.33825335813777535,0.8770453470887475,30.266133345991406,0.19879821118028224,9,9,9,9,9,9,9,9,9,9,9,9,9,9,802894,802894,802894,802894,802894,802894,802894,802894,802894,802894,802894,802894,802894,802894,3550,3550,3550,3550,3550,3550,3550,3550,3550,3550,3550,3550,3550,3550,3550,3550,3550,3550,3550,3550,3550,3550,3550,3499,3508,3508,3550,3550,0.022054042849407846,0.007351347616469281,0.3453520814713771,0.3240060748294568,0.17467874901666966,0.1861289948496456,0.2544954262168351,0.3774338516369725,0.00834134615928975,0.008502297296893007,0.37241419541220233,0.8446552607123451,45.009573155386924,0.2633486193099159,0.018028169014084508,0.006009389671361502,0.32152518562580834,0.2966747413645608,0.19048239214591356,0.18426140989529233,0.2642945710125359,0.34487116365322373,0.006197183098591549,0.006287510717347814,0.35842767426980926,0.8560885716151447,41.53768490119719,0.25611685561430525,0.018028169014084508,0.006009389671361501,0.3215251856258083,0.29667474136456085,0.19048239214591356,0.18426140989529233,0.2642945710125359,0.3448711636532237,0.006197183098591549,0.006287510717347814,0.3584276742698092,0.8560885716151447,41.53768490119719,0.2561168556143052
MuSRNet,gly_group,no_gly,0.3813362320498009,0.1271120773499336,0.6286699439067641,0.7788893831729345,0.7151471520993052,0.5636030890375843,0.5542170953118418,0.6472568540059168,0.2877564217081616,0.3289872003014502,0.43626540207585796,0.8352759014355948,30.831464048978386,0.6453276638575162,0.22833341877108637,0.0761111395903621,0.31029389298985965,0.4235745962601231,0.34833385931918126,0.29100436616034303,0.2804699417232269,0.31249885821744894,0.14199825620804687,0.163234012194047,0.34147353220731286,0.7852892143874836,22.89704227006337,0.3405883913302484,0.3028845811394403,0.10096152704648008,0.4391241673481184,0.5852607050720823,0.4998995379688449,0.40323654454873376,0.3949953503323969,0.450243815920557,0.2122525683718243,0.24339272482808103,0.38832334801805196,0.8107106373803062,26.7685301316944,0.4667271907685229,97,97,97,97,97,97,97,97,97,97,97,97,97,97,11867087,11867087,11867087,11867087,11867087,11867087,11867087,11867087,11867087,11867087,11867087,11867087,11867087,11867087,42431,42431,42431,42431,42431,42431,42431,42431,42431,42431,42431,42431,42431,42431,42431,42431,42431,42431,42431,42431,42431,42431,42431,41184,41160,41160,42431,42431,0.4632081411403586,0.1544027137134529,0.450830045747404,0.41875516795782747,0.3627988326468449,0.3225371599277256,0.32124252598636643,0.49740175865188196,0.4512785284609507,0.46160634459202693,0.41592415671257815,0.8150753534880635,27.45270974945237,0.3845470890341293,0.4486813886073861,0.1495604628691287,0.4506755763457659,0.49570135235173823,0.38505627754762495,0.3280547758666008,0.3301665387243523,0.49112463121819183,0.43654403619994814,0.4497620435120435,0.41781494895835825,0.8156686327582809,26.058376381003974,0.4060207151417016,0.4486813886073861,0.1495604628691287,0.4506755763457659,0.49570135235173823,0.38505627754762506,0.3280547758666008,0.3301665387243524,0.49112463121819183,0.43654403619994814,0.4497620435120435,0.41781494895835813,0.8156686327582807,26.058376381003974,0.4060207151417016
MuSRNet,glypro_group,gly_or_pro_involved,0.3991222559356627,0.13304075197855422,0.2771380810038876,0.8387105672091116,0.39837666265742416,0.19684305125677976,0.21893343016964856,0.28776416650686837,0.20050383738479816,0.20050733968580994,0.5116741496376954,0.920590768928597,36.406639718544106,0.36670717520672796,0.09820318168095397,0.03273439389365132,0.15989851633905422,0.18248417560638164,0.12460996873785704,0.12712247843751656,0.14089611463239213,0.1584187929790842,0.0,0.0,0.29531827886893774,0.8512311435269455,20.96977483358987,0.1577392749750201,0.2415008508015188,0.08050028360050625,0.21325568885475873,0.44131528094223643,0.23064650246247018,0.15938817101545216,0.17685041402881124,0.21577641784148807,0.0670701005105809,0.06707185166108678,0.39946557641095476,0.8858671711184551,28.60039087246239,0.24479535725809162,11,11,11,11,11,11,11,11,11,11,11,11,11,11,1285877,1285877,1285877,1285877,1285877,1285877,1285877,1285877,1285877,1285877,1285877,1285877,1285877,1285877,5228,5228,5228,5228,5228,5228,5228,5228,5228,5228,5228,5228,5228,5228,5228,5228,5228,5228,5228,5228,5228,5228,5228,5168,5177,5177,5228,5228,0.0588500627249507,0.019616687574983565,0.3900632673042183,0.34869996200751563,0.20152521530317594,0.22659340109050202,0.2889632597379861,0.42385192849192027,0.04783360645651236,0.048524422679754674,0.3873145420147381,0.831351353109546,41.84547243829287,0.29792675332622004,0.06981637337413925,0.02327212445804642,0.36184588407835766,0.3376405999076084,0.20690518543908135,0.21695554578290874,0.28745512671210655,0.38896089912457343,0.06006120887528692,0.060758513931888546,0.3726068002672563,0.8414010652406231,39.03957614414365,0.2875834713932557,0.06981637337413925,0.023272124458046415,0.36184588407835766,0.3376405999076084,0.20690518543908135,0.21695554578290874,0.2874551267121066,0.3889608991245735,0.06006120887528692,0.060758513931888546,0.3726068002672563,0.841401065240623,39.03957614414365,0.2875834713932557
MuSRNet,glypro_group,no_gly_or_pro,0.3856766870868598,0.12855889569561993,0.6297795211686489,0.7585764011247571,0.7119371205135238,0.5679354736594179,0.5611339992093937,0.6496580912533352,0.29230105082770874,0.33247043758833383,0.43058374144922373,0.8335444036159015,30.73507971531506,0.6448824569303983,0.2325379965155117,0.07751266550517057,0.30819030486075005,0.41089704348989925,0.3403646028417522,0.2900742018609685,0.2793975789855304,0.31272333702409816,0.14415171911409433,0.16581724935698708,0.33565944771068734,0.7833044373228271,22.746673036238665,0.33644837130995214,0.306385255422912,0.10212841847430398,0.44080906883294196,0.5686156319962267,0.494816213013042,0.40465746916313927,0.397564030567862,0.4529055823872461,0.2144582480522695,0.24609308736112673,0.38283194344831306,0.808946796978703,26.627530838963494,0.4637117854255031,96,96,96,96,96,96,96,96,96,96,96,96,96,96,11384104,11384104,11384104,11384104,11384104,11384104,11384104,11384104,11384104,11384104,11384104,11384104,11384104,11384104,40753,40753,40753,40753,40753,40753,40753,40753,40753,40753,40753,40753,40753,40753,40753,40753,40753,40753,40753,40753,40753,40753,40753,39515,39491,39491,40753,40753,0.4777957025865706,0.1592652341955235,0.45025296297398126,0.41998190507551114,0.3677508620783035,0.3237524528472662,0.3201769300002612,0.4972482629085261,0.4656359601167234,0.47662007826300623,0.4160934548023354,0.8153204569615105,27.06474266957916,0.38578208258197355,0.45976983289573775,0.1532566109652459,0.4508207863700135,0.49864094317384783,0.3909610358811806,0.32978128252082006,0.32990765659599547,0.49149054738460407,0.4473535690624003,0.4613691003416424,0.4184660346783046,0.8158858048366986,25.74148763379498,0.40815629311128965,0.45976983289573775,0.15325661096524595,0.4508207863700135,0.4986409431738477,0.39096103588118064,0.32978128252082006,0.3299076565959955,0.49149054738460407,0.4473535690624003,0.4613691003416424,0.4184660346783046,0.8158858048366987,25.74148763379498,0.4081562931112896
MuSRNet,length_group,long,0.45896703808103007,0.1529890126936767,0.4913414830343658,0.6296699065320008,0.5514232787916927,0.4427930075733113,0.40158188950878276,0.5155830624406965,0.3678076441797063,0.42230317529360595,0.3874405907969523,0.8421011870325521,39.59345938672556,0.4881981324121624,0.2269399562446915,0.07564665208156382,0.2537190817433651,0.27936436141471505,0.2590577387703461,0.22708094343853327,0.2152066020300044,0.26046461060932435,0.14075304474853048,0.16750841481892437,0.2628393781459596,0.7781859832575075,25.866583485797985,0.26195657825963903,0.3397350047003426,0.11324500156678086,0.36092836073436074,0.4386396723935058,0.3922616230758871,0.3252360603857962,0.2996693485697918,0.3745340477290305,0.2508989075527002,0.2898894781257898,0.3231743990587541,0.8098683237367492,32.35561767098863,0.3660681504308023,48,48,48,48,48,48,48,48,48,48,48,48,48,48,6635032,6635032,6635032,6635032,6635032,6635032,6635032,6635032,6635032,6635032,6635032,6635032,6635032,6635032,20478,20478,20478,20478,20478,20478,20478,20478,20478,20478,20478,20478,20478,20478,20478,20478,20478,20478,20478,20478,20478,20478,20478,20300,20317,20317,20478,20478,0.47326023111216203,0.15775341037072066,0.45619690394839485,0.3417406395506892,0.3438756256999986,0.2998254197031339,0.29256140999068536,0.5147869173181089,0.4663932602467534,0.47191832340776413,0.4020152459197815,0.8126539566027439,31.106507062889108,0.3585580024525232,0.49047758570172867,0.1634925285672429,0.46185810081392653,0.3307101950430061,0.3423275657389762,0.29982744766318237,0.29373962526025477,0.52294304069773,0.4856919621056744,0.4899507389162562,0.4062693115577572,0.8138553767213779,30.16851458236079,0.3579095748806299,0.49047758570172867,0.16349252856724286,0.46185810081392675,0.3307101950430061,0.3423275657389762,0.29982744766318237,0.29373962526025477,0.52294304069773,0.4856919621056744,0.4899507389162562,0.4062693115577572,0.8138553767213779,30.16851458236079,0.3579095748806299
MuSRNet,length_group,short,0.3702948366291573,0.12343161220971909,0.8160671862482699,0.9837227450873587,0.9314395162214617,0.7254512635231741,0.7417882503913406,0.8385794456124167,0.2688041419814977,0.3125508407987492,0.500578522117132,0.8510684094576387,24.800637400538164,0.8387529944973587,0.18867074397853134,0.06289024799284379,0.28811481795941357,0.4344340448367871,0.3328226278227233,0.2798390058826532,0.2747498139981049,0.2848905174145416,0.09331493331195631,0.11340858914529688,0.3799087184762275,0.7809654891898824,18.24682226714982,0.3339118574990822,0.27676435629545676,0.09225478543181893,0.4875872630777593,0.6676966076591981,0.561661422731616,0.44925585630493825,0.45861060007694454,0.4978665619437362,0.17719311796419351,0.2080888070071213,0.4396689936761589,0.8173538760509975,21.483863894386158,0.5270182097432866,54,54,54,54,54,54,54,54,54,54,54,54,54,54,6034949,6034949,6034949,6034949,6034949,6034949,6034949,6034949,6034949,6034949,6034949,6034949,6034949,6034949,25503,25503,25503,25503,25503,25503,25503,25503,25503,25503,25503,25503,25503,25503,25503,25503,25503,25503,25503,25503,25503,25503,25503,24383,24351,24351,25503,25503,0.3934669792836495,0.13115565976121651,0.4308900270705189,0.49079915475397295,0.3586235491580705,0.32929255952125247,0.3437669062738208,0.4623541525337466,0.3757445964663977,0.38881318928107234,0.4256558457425333,0.8218248120356693,25.77748356270952,0.39696726444817265,0.3551739011096734,0.11839130036989111,0.42371876251543833,0.6004790040148263,0.39228135958665705,0.3307043770018185,0.35024671943018465,0.44521720075206545,0.3371760185076266,0.3526637411311159,0.41889261129093514,0.8230043917994553,24.91279096592736,0.42378573215711035,0.3551739011096734,0.11839130036989114,0.42371876251543833,0.6004790040148263,0.392281359586657,0.3307043770018185,0.3502467194301847,0.44521720075206533,0.3371760185076266,0.3526637411311159,0.41889261129093514,0.8230043917994556,24.91279096592736,0.4237857321571104
MuSRNet,pro_group,no_pro,0.3881324187319384,0.12937747291064614,0.6241172180201031,0.7435096736159031,0.7018898840210114,0.5626288958451557,0.5567083832767706,0.6438919642637825,0.28579049949369517,0.32553744351343994,0.4312720343659001,0.835329984338163,30.589590623206067,0.6355195016903946,0.23460196987477017,0.07820065662492337,0.3024902501340774,0.3993686328107895,0.3335497407659589,0.2854022904627632,0.2760857998091558,0.30759241555165345,0.13990371822199998,0.16106803334257586,0.338452553093348,0.7857199762553349,22.675517349519104,0.32968784194719525,0.3082518093979568,0.10275060313265227,0.4341703340615116,0.5534746058108911,0.4854229397154484,0.3982592175681492,0.39178575148825695,0.44642307580656954,0.20957762730695934,0.24022453836195573,0.3838885311680149,0.8111255142091239,26.553369919254536,0.4550731180778631,98,98,98,98,98,98,98,98,98,98,98,98,98,98,12186998,12186998,12186998,12186998,12186998,12186998,12186998,12186998,12186998,12186998,12186998,12186998,12186998,12186998,44303,44303,44303,44303,44303,44303,44303,44303,44303,44303,44303,44303,44303,44303,44303,44303,44303,44303,44303,44303,44303,44303,44303,43014,42999,42999,44303,44303,0.44770510017964615,0.14923503339321537,0.44332567638895687,0.4136190766004571,0.3549852190726432,0.31465569185543624,0.3158384158770363,0.489338000271764,0.4354422844699098,0.4455896904838436,0.4131875635701307,0.8172747814242666,28.249058525073,0.37768728073546737,0.4243730672866397,0.14145768909554657,0.44046032810213254,0.48245738864203347,0.37489667939831944,0.3181207731236997,0.32465007914477817,0.4797419341474327,0.4120037017809178,0.4243502115590273,0.41356790755179007,0.8191656789235098,27.0072371383269,0.3959733708912528,0.4243730672866397,0.14145768909554657,0.4404603281021325,0.4824573886420335,0.37489667939831933,0.3181207731236997,0.32465007914477817,0.4797419341474327,0.4120037017809178,0.4243502115590273,0.41356790755178996,0.8191656789235098,27.0072371383269,0.3959733708912526
MuSRNet,pro_group,pro_involved,0.5537467700258398,0.18458225667527994,0.43422371056897857,1.505866706774961,0.6840676498587464,0.28549226490968327,0.30460321333356105,0.4639252067248402,0.5093023255813953,0.5093023255813953,0.6539191686702446,0.9134485716052294,46.001028361641055,0.5675417972989202,0.0048432886668180785,0.001614429555606026,0.19542432431239587,0.17142615920168483,0.12671615370810804,0.1397141947175217,0.14018267480186591,0.17977507863609837,0.0,0.0,0.34051338154217226,0.7953505097905086,17.365787913448123,0.19088046489447724,0.2184192449240329,0.07280641497467763,0.3096010626777177,0.7140280636467724,0.3347038806651571,0.20878243381848122,0.2086536713441975,0.3174568466376957,0.1697674418604651,0.1697674418604651,0.49699421021967244,0.8507973064643263,33.20914896102541,0.3567249792224608,5,5,5,5,5,5,5,5,5,5,5,5,5,5,482983,482983,482983,482983,482983,482983,482983,482983,482983,482983,482983,482983,482983,482983,1678,1678,1678,1678,1678,1678,1678,1678,1678,1678,1678,1678,1678,1678,1678,1678,1678,1678,1678,1678,1678,1678,1678,1669,1669,1669,1678,1678,0.12008349168161685,0.040027830560538956,0.4644100134878309,0.3898249090373536,0.24619850637347415,0.2938994526424944,0.34629157515344444,0.5010304668593392,0.11354783588367427,0.11428968010412599,0.4119004614552729,0.8093849897047923,36.58041276146801,0.3554489820132212,0.17938021454112038,0.05979340484704013,0.44714891119787514,0.42430853663455664,0.24164947399137318,0.2861237116953272,0.33645391856757495,0.4822377530717081,0.17401668653158522,0.1749550629119233,0.4024093011654254,0.8105300212850673,33.754542718911196,0.354154678792108,0.17938021454112038,0.05979340484704013,0.44714891119787503,0.4243085366345566,0.24164947399137318,0.28612371169532724,0.33645391856757495,0.482237753071708,0.17401668653158522,0.1749550629119233,0.40240930116542545,0.8105300212850675,33.754542718911196,0.354154678792108
MuSRNet,resolution_group,high_resolution,0.3471676600612808,0.11572255335376025,0.2812322175913012,0.4537300186354932,0.3917770649193299,0.2937659206413611,0.2634478120039817,0.27425242074136025,0.23360137226560332,0.30094319758687893,0.40792954109846385,0.8686915200691813,29.637931585101395,0.32470834323064324,0.17136721771582775,0.05712240590527592,0.20561719213319749,0.24282754193535733,0.2083155926100548,0.19095181353292257,0.18144498823599525,0.20636850367116596,0.07394793134745764,0.10003948165151783,0.2769974501883755,0.8118372833981822,21.01064279556143,0.2138827358981407,0.2561026920252221,0.08536756400840737,0.24107567030840837,0.3393635701823976,0.28836109565200196,0.23822251988521315,0.21886991063071787,0.23876368164047407,0.14914515993441732,0.19412541255002777,0.3406181231947774,0.8404247185899419,25.18185483870165,0.2647161555981609,52,52,52,52,52,52,52,52,52,52,52,52,52,52,8762151,8762151,8762151,8762151,8762151,8762151,8762151,8762151,8762151,8762151,8762151,8762151,8762151,8762151,32051,32051,32051,32051,32051,32051,32051,32051,32051,32051,32051,32051,32051,32051,32051,32051,32051,32051,32051,32051,32051,32051,32051,31252,31288,31288,32051,32051,0.4590717501624055,0.1530239167208018,0.44915838638291233,0.37450605164707035,0.3332428837737733,0.3005514993814636,0.3076240137536856,0.5008469983463147,0.44785344647315467,0.4571089530429854,0.4149084377411238,0.8165307906540069,27.531513262719745,0.3633542893804615,0.4314061963745281,0.143802065458176,0.43753973389329137,0.44166704159016396,0.3467161703254189,0.2985822370015425,0.3102781566573525,0.48147184799892706,0.42051730055224484,0.43126839882247536,0.412850480091684,0.819030724471811,26.7904062757462,0.375743090714681,0.4314061963745281,0.14380206545817603,0.43753973389329137,0.441667041590164,0.34671617032541896,0.2985822370015425,0.3102781566573525,0.48147184799892706,0.42051730055224484,0.43126839882247536,0.41285048009168407,0.8190307244718111,26.7904062757462,0.3757430907146809
MuSRNet,resolution_group,low_resolution,0.37449180989817604,0.12483060329939202,0.7773921963989889,1.066897329691556,0.9778270171187434,0.7147030850137026,0.6849840656974572,0.7966266392203141,0.2874381110717698,0.31553873699753465,0.47782026961326424,0.8376603389709576,34.30561173912671,0.8325842626003048,0.1952350868060062,0.06507836226866873,0.34512050013803963,0.5127934820965347,0.4095445808522589,0.335964196647711,0.31208071958229905,0.3453976124132694,0.1166358375758062,0.12956590545868435,0.37549954281504855,0.7747681593843769,24.911900912293827,0.4000728302774444,0.28184873835823526,0.09394957945274507,0.5177407114286481,0.7619459271113438,0.651498183616033,0.4907086456823607,0.46426454744008283,0.5289678437297576,0.19806045266503156,0.2187250663401457,0.4272618139777832,0.8067192906673505,29.36478134104934,0.5794770295159155,72,72,72,72,72,72,72,72,72,72,72,72,72,72,3907830,3907830,3907830,3907830,3907830,3907830,3907830,3907830,3907830,3907830,3907830,3907830,3907830,3907830,13930,13930,13930,13930,13930,13930,13930,13930,13930,13930,13930,13930,13930,13930,13930,13930,13930,13930,13930,13930,13930,13930,13930,13431,13380,13380,13930,13930,0.38160336439772097,0.127201121465907,0.4328727359690966,0.49834721640441076,0.3902811328791778,0.34372842003605786,0.33804438973763473,0.4649947636102814,0.3677414202043587,0.37771673927301025,0.4091409813267557,0.8179623816202904,30.89195625411319,0.40707918453351255,0.3786791098348887,0.1262263699449629,0.44798591370315366,0.5693057475573905,0.4236852426160278,0.3592218895755625,0.35913976544742954,0.47606228700462516,0.3637473079684135,0.3772615590797409,0.41385364419700327,0.8184040602602948,28.318911563365987,0.43748298644020717,0.3786791098348887,0.1262263699449629,0.4479859137031536,0.5693057475573905,0.4236852426160278,0.3592218895755625,0.35913976544742954,0.47606228700462516,0.3637473079684135,0.3772615590797409,0.41385364419700343,0.8184040602602948,28.318911563365987,0.43748298644020706
MuSRNet,secondary_structure_group,helix,0.5082015615186584,0.16940052050621945,0.7993765479870885,0.9295145852096067,0.9046150269946295,0.7530075219927851,0.7436380110692814,0.8265211910317829,0.3948700042961488,0.4505586918461172,0.48756576040126126,0.7985035249519985,31.26054774940142,0.8218724982165748,0.26660980162582165,0.0888699338752739,0.3527107297284218,0.3701685647558864,0.36939248319788354,0.3221602108358682,0.3046752920163708,0.3583220862255851,0.15740266021355412,0.18604651162790697,0.33727085704381715,0.7120210004006835,18.333615543599326,0.3542933388812682,0.38580283815878175,0.12860094605292727,0.5432270444331749,0.6013346444535691,0.5918209306673536,0.5031596279910179,0.4878608843435895,0.5603105973242652,0.2723139426850903,0.3146167337380295,0.4104666495575964,0.7568885468925763,24.36073767545939,0.548897336955959,48,48,48,48,48,48,48,48,48,48,48,48,48,48,1886678,1886678,1886678,1886678,1886678,1886678,1886678,1886678,1886678,1886678,1886678,1886678,1886678,1886678,7446,7446,7446,7446,7446,7446,7446,7446,7446,7446,7446,7446,7446,7446,7446,7446,7446,7446,7446,7446,7446,7446,7446,7197,7209,7209,7446,7446,0.3808015781783395,0.12693385939277985,0.45931753256583013,0.827030671299344,0.7118741968266622,0.558586157764614,0.41237600721041884,0.44763069830535446,0.35761327098114504,0.3717560458743815,0.4647661565022242,0.8024474616792724,29.947852029008185,0.5914995462812788,0.4019607843137255,0.13398692810457513,0.4699047410732887,0.8912294848556644,0.6957630862114107,0.5514999963394119,0.42691962565768593,0.45970134051226,0.3853075476766049,0.3986383215228567,0.4803520002626511,0.7994156262006079,26.398324723881547,0.6050227067152866,0.4019607843137255,0.13398692810457513,0.46990474107328867,0.8912294848556644,0.6957630862114107,0.5514999963394119,0.4269196256576859,0.45970134051226,0.3853075476766049,0.3986383215228567,0.48035200026265107,0.7994156262006079,26.398324723881547,0.6050227067152867
MuSRNet,secondary_structure_group,loop,0.3934124906607861,0.13113749688692872,0.7155703967275235,1.0576645528292838,0.9429249848742685,0.7100048376833045,0.6424787404238291,0.7150891699380304,0.2876003048158649,0.3365085514285929,0.45867470523579656,0.8765910421278524,31.71437051404844,0.8047036586013201,0.1896445917973671,0.06321486393245569,0.24949646022448826,0.4924146851564092,0.34528772567249794,0.25967263121334694,0.23407537473994763,0.23570540707137827,0.0983734318033898,0.11795833170910835,0.3360747465259002,0.8260298400909449,22.59158776223676,0.3276167348647379,0.2856888499012615,0.09522961663375384,0.41962202039603885,0.7449326506342775,0.5825078758554898,0.4270292711903683,0.3873476733281785,0.4109273504663296,0.18800756463420462,0.22102192848391947,0.3952571906711036,0.8518939058447662,27.080962507274187,0.5105489642949287,53,53,53,53,53,53,53,53,53,53,53,53,53,53,8409383,8409383,8409383,8409383,8409383,8409383,8409383,8409383,8409383,8409383,8409383,8409383,8409383,8409383,29968,29968,29968,29968,29968,29968,29968,29968,29968,29968,29968,29968,29968,29968,29968,29968,29968,29968,29968,29968,29968,29968,29968,29038,29048,29048,29968,29968,0.5010116977505811,0.16700389925019368,0.4513485988998563,0.3709292692303299,0.2967070194399565,0.2677410222449394,0.3016494359938865,0.5094671415871759,0.4903136800544831,0.5010560970241436,0.4094979176606208,0.8170911416197567,27.089348769059512,0.3492987776992576,0.46476241324079015,0.1549208044135967,0.43852210632734245,0.44491598703101054,0.3151774666496165,0.2634553507095865,0.3021476789695915,0.4873018981648856,0.45301655098772026,0.4675253116605827,0.4049930046671876,0.8220400947422007,26.298209229160996,0.36259967630493806,0.4647624132407901,0.1549208044135967,0.43852210632734245,0.4449159870310105,0.3151774666496165,0.2634553507095865,0.30214767896959155,0.4873018981648856,0.45301655098772026,0.4675253116605827,0.4049930046671875,0.8220400947422007,26.298209229160996,0.3625996763049382
MuSRNet,secondary_structure_group,sheet,0.4078078157820296,0.13593593859400988,1.2217629394882703,1.0280669156171165,1.1248082488162876,0.967988558655206,1.02335552004842,1.275992486548823,0.31556069696997063,0.3335960434086575,0.4505741724788129,0.8838195262362066,26.941113186447033,1.085512370495926,0.13957789179104482,0.04652596393034827,0.20891416749329703,0.17264506148735276,0.17566346896578786,0.1746955752555167,0.1903236870782798,0.229954265071187,0.06328751569898532,0.07210031347962383,0.2908056124519187,0.8194956023920424,17.87969442230349,0.1925794860385805,0.26705296883878066,0.08901765627959354,0.6020255330498245,0.49103976356361834,0.5114430867134249,0.47421745462958886,0.5076356766770842,0.6388997512975313,0.17887678174649496,0.19211386893662238,0.368040837229792,0.8521536921770795,22.336955010779963,0.5246471465762496,30,30,30,30,30,30,30,30,30,30,30,30,30,30,2363320,2363320,2363320,2363320,2363320,2363320,2363320,2363320,2363320,2363320,2363320,2363320,2363320,2363320,8528,8528,8528,8528,8528,8528,8528,8528,8528,8528,8528,8528,8528,8528,8528,8528,8528,8528,8528,8528,8528,8528,8528,8409,8372,8372,8528,8528,0.2464022135519037,0.08213407118396789,0.4066263170900378,0.2295220019136266,0.2531227179148223,0.28180073057141247,0.2952059084812066,0.4540409055097148,0.2384690800747941,0.24139145452234798,0.38568291452513964,0.8276997174849574,32.67439028758835,0.3027384528781565,0.2552767354596623,0.08509224515322075,0.42307256157574086,0.24505956828657696,0.27606299456311045,0.2990938594372756,0.3162698737261,0.47172274721756435,0.24577861163227016,0.2492567487216078,0.38350103876566,0.824345768763545,31.318308282972055,0.32164180864612546,0.2552767354596623,0.08509224515322075,0.42307256157574086,0.24505956828657696,0.2760629945631104,0.2990938594372758,0.3162698737261,0.47172274721756435,0.24577861163227016,0.2492567487216078,0.38350103876565994,0.8243457687635452,31.318308282972055,0.3216418086461255
MuSRNet,secondary_structure_group,unknown,,,,,,,,,,,,,,,,,,,,,,,,,,,,,0.26,0.08666666666666666,0.41182365636227186,0.5788790996372699,1.2385860504778843,0.8326196662936042,0.6270412718042303,0.31219348863135915,0.26,0.26,0.5153300964279912,0.8730801838009924,31.395131645202635,0.7178639153688695,4,4,4,4,4,4,4,4,4,4,4,4,4,4,10600,10600,10600,10600,10600,10600,10600,10600,10600,10600,10600,10600,10600,10600,39,39,39,39,39,39,39,39,39,39,39,39,39,39,39,39,39,39,39,39,39,39,39,39,39,39,39,39,0.10451320754716982,0.034837735849056604,0.40667187987693465,0.7266183003123328,0.8956740617413448,0.5541385397023704,0.4197825058147002,0.3721758730967782,0.10451320754716982,0.10451320754716982,0.43423761436169056,0.844515729966871,36.96977939649858,0.5936778561335053,0.10256410256410256,0.034188034188034185,0.3980974187535427,0.6947274756991966,0.881536580030577,0.5499703547381968,0.4304480144478737,0.3577129296685348,0.10256410256410256,0.10256410256410256,0.43237216544852713,0.847408618377951,35.70657720321264,0.5828790709168756,0.10256410256410256,0.034188034188034185,0.39809741875354265,0.6947274756991966,0.881536580030577,0.5499703547381968,0.4304480144478737,0.3577129296685348,0.10256410256410256,0.10256410256410256,0.43237216544852713,0.847408618377951,35.70657720321264,0.5828790709168757
MuSRNet,substitution_size_group,large_to_small,0.36666460047060334,0.12222153349020112,0.6733266596759907,0.9099053102060037,0.8159794262307649,0.6409806925235744,0.6216167469824101,0.6835501729355054,0.2542255055871168,0.29703676621363795,0.42655094750684375,0.8489789401125925,33.190751653969606,0.7269651888617765,0.19920432598818957,0.0664014419960632,0.2777685660149092,0.4460800843687507,0.34390310839152155,0.28420262984357747,0.26465389837095177,0.27491309779320455,0.10285461889063721,0.12392136108401854,0.33281642714600895,0.7900880251408389,24.064754291371166,0.3314047041072936,0.27994248539520006,0.0933141617984,0.4385852651648649,0.6582569746407053,0.5477803822016124,0.4346037337172577,0.41575508669089545,0.4430465948281873,0.17553739194031587,0.20658532176446778,0.3793222946527714,0.8211135316552678,28.37686046486098,0.4998885544157316,75,75,75,75,75,75,75,75,75,75,75,75,75,75,8294184,8294184,8294184,8294184,8294184,8294184,8294184,8294184,8294184,8294184,8294184,8294184,8294184,8294184,30176,30176,30176,30176,30176,30176,30176,30176,30176,30176,30176,30176,30176,30176,30176,30176,30176,30176,30176,30176,30176,30176,30176,29271,29238,29238,30176,30176,0.5562403898817114,0.18541346329390376,0.47028413008520287,0.42675553354152446,0.3632318589960319,0.3300681380491767,0.3355930643187434,0.5259447671718537,0.5463928274626647,0.5585120059310477,0.4237893000281281,0.8062888686673756,24.08974914663749,0.3963186724154659,0.5270744962884412,0.1756914987628137,0.47356536286167433,0.5339374395547467,0.3986911242271355,0.34089986114055376,0.350015028667013,0.5203777730931369,0.5172653764581124,0.5332581736189402,0.4265294427705723,0.8068267267500442,22.681432299047298,0.42878424533651716,0.5270744962884412,0.17569149876281367,0.4735653628616744,0.5339374395547467,0.39869112422713554,0.3408998611405538,0.35001502866701295,0.5203777730931369,0.5172653764581124,0.5332581736189402,0.4265294427705723,0.8068267267500442,22.681432299047298,0.42878424533651716
MuSRNet,substitution_size_group,size_neutral,,,,,,,,,,,,,,,,,,,,,,,,,,,,,0.75,0.25,0.21779898009520432,0.494290375461181,0.4197131713694714,0.3512280307299817,0.25378334046839796,0.22657888820158417,0.5,0.5,0.5863366848958049,0.9023464926360529,7.192496220270793,0.34911876124612323,2,2,2,2,2,2,2,2,2,2,2,2,2,2,1876,1876,1876,1876,1876,1876,1876,1876,1876,1876,1876,1876,1876,1876,13,13,13,13,13,13,13,13,13,13,13,13,13,13,13,13,13,13,13,13,13,13,13,7,7,7,13,13,0.5650319829424307,0.18834399431414356,0.21338813873464618,0.3042334321391184,0.25296205629202223,0.21720372099589402,0.18330602753463848,0.23960787245451817,0.1300639658848614,0.23018867924528302,0.36311459410372976,0.8496504490396589,12.514023274500996,0.23946262188323827,0.5384615384615384,0.17948717948717946,0.2127545264088555,0.2769319692101234,0.22900844898318004,0.19795128191194616,0.1731820419923915,0.24147947116786356,0.07692307692307693,0.14285714285714285,0.2908628883928084,0.8325939873760909,13.278454560499926,0.22371064265310098,0.5384615384615384,0.1794871794871795,0.2127545264088555,0.2769319692101234,0.2290084489831801,0.19795128191194616,0.1731820419923915,0.24147947116786364,0.07692307692307693,0.14285714285714285,0.2908628883928084,0.8325939873760909,13.278454560499926,0.22371064265310098
MuSRNet,substitution_size_group,small_to_large,0.4435846779753627,0.14786155932512085,0.5043095525031286,0.5153431710877021,0.4578487457911538,0.37141646466801526,0.40040629729094773,0.534511891762892,0.3678189339105608,0.433060508959914,0.45104668624627803,0.8304186605229837,29.643828306377518,0.43898056741264463,0.21365248043738325,0.07121749347912776,0.26936644683113525,0.28434257286681824,0.24442792740780497,0.21273687286534976,0.23039662271697284,0.277185697421597,0.13535207811662028,0.1673234811165846,0.30947070938106613,0.7605003921443186,19.75863910939514,0.2610225318382897,0.32714532495105453,0.10904844165035149,0.3749999067474301,0.3890045770762462,0.33850856428494264,0.28544819807053157,0.3095123004645852,0.3920058684500061,0.24615599007100938,0.298468281264238,0.3789718164319682,0.7971999444752487,24.622306104130903,0.34289590166926237,45,45,45,45,45,45,45,45,45,45,45,45,45,45,4373921,4373921,4373921,4373921,4373921,4373921,4373921,4373921,4373921,4373921,4373921,4373921,4373921,4373921,15792,15792,15792,15792,15792,15792,15792,15792,15792,15792,15792,15792,15792,15792,15792,15792,15792,15792,15792,15792,15792,15792,15792,15405,15423,15423,15792,15792,0.20611478448441048,0.06870492816147017,0.39478708575940785,0.3860336427281086,0.3274281706032176,0.28326926529170005,0.2819077103157837,0.4215212420674868,0.19011528758317384,0.1945591791461215,0.3930002393594076,0.8371741457343839,37.04765510514707,0.3400320062012593,0.20200101317122593,0.06733367105707531,0.37810002471768067,0.37807770528603263,0.31539101635172534,0.2712925926723543,0.2775606167746842,0.40255464438984023,0.18585359675785207,0.1905225576111652,0.3878443683148396,0.8416165233046323,36.00140758968414,0.3289753150949273,0.20200101317122593,0.06733367105707531,0.37810002471768056,0.3780777052860325,0.31539101635172545,0.2712925926723543,0.27756061677468424,0.4025546443898403,0.18585359675785207,0.1905225576111652,0.38784436831483965,0.8416165233046323,36.00140758968414,0.3289753150949273
