model_name,response_threshold,radius_threshold,displacement_threshold,derived_radius_mae,derived_class_macro_f1,cluster_avg_radius_mae,cluster_avg_class_macro_f1
base_v5,0.1,6.0,0.5,7.507309499056243,0.3302431875275112,13.676899106621688,0.26386918830359685
base_v5,0.1,8.0,0.5,7.507309499056243,0.3300000199573786,13.676899106621688,0.2624215971917428
base_v5,0.1,10.0,0.5,7.507309499056243,0.32902785596555034,13.676899106621688,0.2620993482008127
base_v5,0.1,12.0,0.5,7.507309499056243,0.3291960216660588,13.676899106621688,0.2613418756338185
base_v5,0.2,6.0,0.5,12.478386463475687,0.3130139579144049,16.006887608479456,0.2369097567920876
base_v5,0.2,8.0,0.5,12.478386463475687,0.3125076029613512,16.006887608479456,0.2365525760258333
base_v5,0.2,10.0,0.5,12.478386463475687,0.31133316559918084,16.006887608479456,0.23572940139865028
base_v5,0.2,12.0,0.5,12.478386463475687,0.31191847214091223,16.006887608479456,0.23433585872819102
base_v5,0.3,6.0,0.5,19.779869801772946,0.27122754260932735,22.423379445525608,0.19409582918292023
base_v5,0.3,8.0,0.5,19.779869801772946,0.27112318768419424,22.423379445525608,0.1929729686431181
base_v5,0.3,10.0,0.5,19.779869801772946,0.27756289022971453,22.423379445525608,0.1924818509041977
base_v5,0.3,12.0,0.5,19.779869801772946,0.2791755943514764,22.423379445525608,0.19110372823172933
base_v5,0.4,6.0,0.5,23.502250970907156,0.2547690202553298,24.811438843406037,0.16517126801144363
base_v5,0.4,8.0,0.5,23.502250970907156,0.2552876760842007,24.811438843406037,0.16155990724275365
base_v5,0.4,10.0,0.5,23.502250970907156,0.25990279440521885,24.811438843406037,0.1580335332819245
base_v5,0.4,12.0,0.5,23.502250970907156,0.2610885623089712,24.811438843406037,0.15744869438004463
base_v5,0.5,6.0,0.5,27.25346881585067,0.21722384231603145,26.692125213830867,0.13523886273608787
base_v5,0.5,8.0,0.5,27.25346881585067,0.2179146068725967,26.692125213830867,0.13097236746873064
base_v5,0.5,10.0,0.5,27.25346881585067,0.2224034237733454,26.692125213830867,0.13087064466100515
base_v5,0.5,12.0,0.5,27.25346881585067,0.2233890804854551,26.692125213830867,0.13027818259592422
base_v5,0.6,6.0,0.5,28.493794599717756,0.20525533151078432,29.30942271114096,0.1092878108051313
base_v5,0.6,8.0,0.5,28.493794599717756,0.2059228105114427,29.30942271114096,0.10468761490057618
base_v5,0.6,10.0,0.5,28.493794599717756,0.21025363793493454,29.30942271114096,0.10495340621783235
base_v5,0.6,12.0,0.5,28.493794599717756,0.2112211695692692,29.30942271114096,0.10671765865389296
base_v5,0.7,6.0,0.5,30.093037797800054,0.1900194406121335,30.54452646725399,0.09911471631279212
base_v5,0.7,8.0,0.5,30.093037797800054,0.19064007387006196,30.54452646725399,0.0945146529040281
base_v5,0.7,10.0,0.5,30.093037797800054,0.19468785297697036,30.54452646725399,0.09477792039222772
base_v5,0.7,12.0,0.5,30.093037797800054,0.1956186001216316,30.54452646725399,0.09654398781484289
base_v5,0.1,6.0,1.0,7.507309499056243,0.2568954864158068,13.676899106621688,0.16296116315867487
base_v5,0.1,8.0,1.0,7.507309499056243,0.2569498520907117,13.676899106621688,0.16268098112817503
base_v5,0.1,10.0,1.0,7.507309499056243,0.25743177384754895,13.676899106621688,0.16250519064136293
base_v5,0.1,12.0,1.0,7.507309499056243,0.2574850444966782,13.676899106621688,0.16132994756860142
base_v5,0.2,6.0,1.0,12.478386463475687,0.25181359969969647,16.006887608479456,0.16215075330562642
base_v5,0.2,8.0,1.0,12.478386463475687,0.2511489256956258,16.006887608479456,0.1617546451195945
base_v5,0.2,10.0,1.0,12.478386463475687,0.25189833346739915,16.006887608479456,0.1608634324416931
base_v5,0.2,12.0,1.0,12.478386463475687,0.25393413629383105,16.006887608479456,0.15787974865553317
base_v5,0.3,6.0,1.0,19.779869801772946,0.2489500623141204,22.423379445525608,0.15968073455575063
base_v5,0.3,8.0,1.0,19.779869801772946,0.24795143251225626,22.423379445525608,0.1577232285451212
base_v5,0.3,10.0,1.0,19.779869801772946,0.24874215833658028,22.423379445525608,0.15710598328246342
base_v5,0.3,12.0,1.0,19.779869801772946,0.2502435887660034,22.423379445525608,0.15400429201603788
base_v5,0.4,6.0,1.0,23.502250970907156,0.24072774582463816,24.811438843406037,0.14694714467854755
base_v5,0.4,8.0,1.0,23.502250970907156,0.24039980816665227,24.811438843406037,0.1404490943894954
base_v5,0.4,10.0,1.0,23.502250970907156,0.240938185448022,24.811438843406037,0.13973508084213684
base_v5,0.4,12.0,1.0,23.502250970907156,0.24173088878948137,24.811438843406037,0.13915682529509812
base_v5,0.5,6.0,1.0,27.25346881585067,0.2126708202442709,26.692125213830867,0.1250526379308757
base_v5,0.5,8.0,1.0,27.25346881585067,0.21278403400767268,26.692125213830867,0.11935181625709598
base_v5,0.5,10.0,1.0,27.25346881585067,0.21335887810333412,26.692125213830867,0.11905610599849947
base_v5,0.5,12.0,1.0,27.25346881585067,0.21377776287728165,26.692125213830867,0.11847472085083623
base_v5,0.6,6.0,1.0,28.493794599717756,0.2015146961887583,29.30942271114096,0.10051740123028931
base_v5,0.6,8.0,1.0,28.493794599717756,0.2016103226245863,29.30942271114096,0.09481846727989204
base_v5,0.6,10.0,1.0,28.493794599717756,0.2022616540813814,29.30942271114096,0.09484600036971212
base_v5,0.6,12.0,1.0,28.493794599717756,0.20270152491668972,29.30942271114096,0.0966203079386019
base_v5,0.7,6.0,1.0,30.093037797800054,0.18559210577793542,30.54452646725399,0.08760621768655555
base_v5,0.7,8.0,1.0,30.093037797800054,0.18566010756549942,30.54452646725399,0.08190388931265938
base_v5,0.7,10.0,1.0,30.093037797800054,0.18625721101931983,30.54452646725399,0.0819178820275481
base_v5,0.7,12.0,1.0,30.093037797800054,0.1866903104203658,30.54452646725399,0.08366804066157339
base_v5,0.1,6.0,1.5,7.507309499056243,0.21315123719869253,13.676899106621688,0.15546989807785988
base_v5,0.1,8.0,1.5,7.507309499056243,0.21318780295059814,13.676899106621688,0.15547008617705593
base_v5,0.1,10.0,1.5,7.507309499056243,0.21365240676693856,13.676899106621688,0.15546987516234767
base_v5,0.1,12.0,1.5,7.507309499056243,0.21365138698501884,13.676899106621688,0.15545534364594144
base_v5,0.2,6.0,1.5,12.478386463475687,0.212900477293774,16.006887608479456,0.15541141735946198
base_v5,0.2,8.0,1.5,12.478386463475687,0.212650071843592,16.006887608479456,0.15534453749730198
base_v5,0.2,10.0,1.5,12.478386463475687,0.21309553845368814,16.006887608479456,0.15533719990847886
base_v5,0.2,12.0,1.5,12.478386463475687,0.21743475225070197,16.006887608479456,0.15344384374001654
base_v5,0.3,6.0,1.5,19.779869801772946,0.21288536528602128,22.423379445525608,0.15540785309865962
base_v5,0.3,8.0,1.5,19.779869801772946,0.21261362889636046,22.423379445525608,0.1547775600478373
base_v5,0.3,10.0,1.5,19.779869801772946,0.21290610940133622,22.423379445525608,0.1543200421132333
base_v5,0.3,12.0,1.5,19.779869801772946,0.21691605272845316,22.423379445525608,0.15241253119763593
base_v5,0.4,6.0,1.5,23.502250970907156,0.21276884711514488,24.811438843406037,0.15538083588124524
base_v5,0.4,8.0,1.5,23.502250970907156,0.21248908461406144,24.811438843406037,0.14951583917984335
base_v5,0.4,10.0,1.5,23.502250970907156,0.2127812810197597,24.811438843406037,0.14905832124523932
base_v5,0.4,12.0,1.5,23.502250970907156,0.21669068396208965,24.811438843406037,0.1492934488359168
base_v5,0.5,6.0,1.5,27.25346881585067,0.21236510155977575,26.692125213830867,0.1500902179956003
base_v5,0.5,8.0,1.5,27.25346881585067,0.21230043283288466,26.692125213830867,0.14569442881684913
base_v5,0.5,10.0,1.5,27.25346881585067,0.21276326941097012,26.692125213830867,0.14569131787823597
base_v5,0.5,12.0,1.5,27.25346881585067,0.2166501276948686,26.692125213830867,0.14592644546891345
base_v5,0.6,6.0,1.5,28.493794599717756,0.212266310508055,29.30942271114096,0.1489042256303393
base_v5,0.6,8.0,1.5,28.493794599717756,0.2122375177625044,29.30942271114096,0.14451691821272886
base_v5,0.6,10.0,1.5,28.493794599717756,0.21270021871410613,29.30942271114096,0.14451379335919134
base_v5,0.6,12.0,1.5,28.493794599717756,0.21651018729906102,29.30942271114096,0.14473621685635613
base_v5,0.7,6.0,1.5,30.093037797800054,0.210190387574314,30.54452646725399,0.1474834981149042
base_v5,0.7,8.0,1.5,30.093037797800054,0.21016014567515404,30.54452646725399,0.14309619069729376
base_v5,0.7,10.0,1.5,30.093037797800054,0.2106184055024171,30.54452646725399,0.14309213707883847
base_v5,0.7,12.0,1.5,30.093037797800054,0.21404107980940087,30.54452646725399,0.14316866833560823
base_v5,0.1,6.0,2.0,7.507309499056243,0.22558812897858918,13.676899106621688,0.17943916398445028
base_v5,0.1,8.0,2.0,7.507309499056243,0.2256178217558006,13.676899106621688,0.17943916398445028
base_v5,0.1,10.0,2.0,7.507309499056243,0.2260187455598143,13.676899106621688,0.17943585946033966
base_v5,0.1,12.0,2.0,7.507309499056243,0.22598896215305211,13.676899106621688,0.179427107949909
base_v5,0.2,6.0,2.0,12.478386463475687,0.22556680270885407,16.006887608479456,0.17943525998884835
base_v5,0.2,8.0,2.0,12.478386463475687,0.22558458863803296,16.006887608479456,0.17943302741764383
base_v5,0.2,10.0,2.0,12.478386463475687,0.22598542269805047,16.006887608479456,0.17942970716239026
base_v5,0.2,12.0,2.0,12.478386463475687,0.22595562444358755,16.006887608479456,0.17942091766916746
base_v5,0.3,6.0,2.0,19.779869801772946,0.22554547368004396,22.423379445525608,0.17943134628986052
base_v5,0.3,8.0,2.0,19.779869801772946,0.2255751592598669,22.423379445525608,0.17943134628986052
base_v5,0.3,10.0,2.0,19.779869801772946,0.225847598067187,22.423379445525608,0.1792459115539564
base_v5,0.3,12.0,2.0,19.779869801772946,0.22581773613909248,22.423379445525608,0.1792371082301026
base_v5,0.4,6.0,2.0,23.502250970907156,0.22554547368004396,24.811438843406037,0.17943134628986052
base_v5,0.4,8.0,2.0,23.502250970907156,0.2255751592598669,24.811438843406037,0.17943134628986052
base_v5,0.4,10.0,2.0,23.502250970907156,0.225847598067187,24.811438843406037,0.1792459115539564
base_v5,0.4,12.0,2.0,23.502250970907156,0.22581773613909248,24.811438843406037,0.1792371082301026
base_v5,0.5,6.0,2.0,27.25346881585067,0.22539362217644113,26.692125213830867,0.17588223402502737
base_v5,0.5,8.0,2.0,27.25346881585067,0.22542328124841102,26.692125213830867,0.17588223402502737
base_v5,0.5,10.0,2.0,27.25346881585067,0.2258237019014052,26.692125213830867,0.175878908186953
base_v5,0.5,12.0,2.0,27.25346881585067,0.22579382987779176,26.692125213830867,0.17587010486309926
base_v5,0.6,6.0,2.0,28.493794599717756,0.22535788928224884,29.30942271114096,0.17587551755170194
base_v5,0.6,8.0,2.0,28.493794599717756,0.22538754102139938,29.30942271114096,0.17587551755170194
base_v5,0.6,10.0,2.0,28.493794599717756,0.22578785377088006,29.30942271114096,0.17587217635103003
base_v5,0.6,12.0,2.0,28.493794599717756,0.22575796660091788,29.30942271114096,0.17586333646819402
base_v5,0.7,6.0,2.0,30.093037797800054,0.22353017454428703,30.54452646725399,0.17550760336407084
base_v5,0.7,8.0,2.0,30.093037797800054,0.2235594648793647,30.54452646725399,0.17550760336407084
base_v5,0.7,10.0,2.0,30.093037797800054,0.22395444187880376,30.54452646725399,0.17550333347425534
base_v5,0.7,12.0,2.0,30.093037797800054,0.22556032236259163,30.54452646725399,0.17552914782207024
zero_response,0.1,6.0,0.5,41.83867941780868,0.0014034173936947494,35.65189474521123,0.012519238183227538
zero_response,0.1,8.0,0.5,41.83867941780868,0.0014034173936947494,35.65189474521123,0.012519238183227538
zero_response,0.1,10.0,0.5,41.83867941780868,0.0014034173936947494,35.65189474521123,0.012519238183227538
zero_response,0.1,12.0,0.5,41.83867941780868,0.0014034173936947494,35.65189474521123,0.012519238183227538
zero_response,0.2,6.0,0.5,41.83867941780868,0.0014034173936947494,35.65189474521123,0.012519238183227538
zero_response,0.2,8.0,0.5,41.83867941780868,0.0014034173936947494,35.65189474521123,0.012519238183227538
zero_response,0.2,10.0,0.5,41.83867941780868,0.0014034173936947494,35.65189474521123,0.012519238183227538
zero_response,0.2,12.0,0.5,41.83867941780868,0.0014034173936947494,35.65189474521123,0.012519238183227538
zero_response,0.3,6.0,0.5,41.83867941780868,0.0014034173936947494,35.65189474521123,0.012519238183227538
zero_response,0.3,8.0,0.5,41.83867941780868,0.0014034173936947494,35.65189474521123,0.012519238183227538
zero_response,0.3,10.0,0.5,41.83867941780868,0.0014034173936947494,35.65189474521123,0.012519238183227538
zero_response,0.3,12.0,0.5,41.83867941780868,0.0014034173936947494,35.65189474521123,0.012519238183227538
zero_response,0.4,6.0,0.5,41.83867941780868,0.0014034173936947494,35.65189474521123,0.012519238183227538
zero_response,0.4,8.0,0.5,41.83867941780868,0.0014034173936947494,35.65189474521123,0.012519238183227538
zero_response,0.4,10.0,0.5,41.83867941780868,0.0014034173936947494,35.65189474521123,0.012519238183227538
zero_response,0.4,12.0,0.5,41.83867941780868,0.0014034173936947494,35.65189474521123,0.012519238183227538
zero_response,0.5,6.0,0.5,41.83867941780868,0.0014034173936947494,35.65189474521123,0.012519238183227538
zero_response,0.5,8.0,0.5,41.83867941780868,0.0014034173936947494,35.65189474521123,0.012519238183227538
zero_response,0.5,10.0,0.5,41.83867941780868,0.0014034173936947494,35.65189474521123,0.012519238183227538
zero_response,0.5,12.0,0.5,41.83867941780868,0.0014034173936947494,35.65189474521123,0.012519238183227538
zero_response,0.6,6.0,0.5,41.83867941780868,0.0014034173936947494,35.65189474521123,0.012519238183227538
zero_response,0.6,8.0,0.5,41.83867941780868,0.0014034173936947494,35.65189474521123,0.012519238183227538
zero_response,0.6,10.0,0.5,41.83867941780868,0.0014034173936947494,35.65189474521123,0.012519238183227538
zero_response,0.6,12.0,0.5,41.83867941780868,0.0014034173936947494,35.65189474521123,0.012519238183227538
zero_response,0.7,6.0,0.5,41.83867941780868,0.0014034173936947494,35.65189474521123,0.012519238183227538
zero_response,0.7,8.0,0.5,41.83867941780868,0.0014034173936947494,35.65189474521123,0.012519238183227538
zero_response,0.7,10.0,0.5,41.83867941780868,0.0014034173936947494,35.65189474521123,0.012519238183227538
zero_response,0.7,12.0,0.5,41.83867941780868,0.0014034173936947494,35.65189474521123,0.012519238183227538
zero_response,0.1,6.0,1.0,41.83867941780868,0.01747883973259352,35.65189474521123,0.07040410299409966
zero_response,0.1,8.0,1.0,41.83867941780868,0.01747883973259352,35.65189474521123,0.07040410299409966
zero_response,0.1,10.0,1.0,41.83867941780868,0.01747883973259352,35.65189474521123,0.07040410299409966
zero_response,0.1,12.0,1.0,41.83867941780868,0.01747883973259352,35.65189474521123,0.07040410299409966
zero_response,0.2,6.0,1.0,41.83867941780868,0.01747883973259352,35.65189474521123,0.07040410299409966
zero_response,0.2,8.0,1.0,41.83867941780868,0.01747883973259352,35.65189474521123,0.07040410299409966
zero_response,0.2,10.0,1.0,41.83867941780868,0.01747883973259352,35.65189474521123,0.07040410299409966
zero_response,0.2,12.0,1.0,41.83867941780868,0.01747883973259352,35.65189474521123,0.07040410299409966
zero_response,0.3,6.0,1.0,41.83867941780868,0.01747883973259352,35.65189474521123,0.07040410299409966
zero_response,0.3,8.0,1.0,41.83867941780868,0.01747883973259352,35.65189474521123,0.07040410299409966
zero_response,0.3,10.0,1.0,41.83867941780868,0.01747883973259352,35.65189474521123,0.07040410299409966
zero_response,0.3,12.0,1.0,41.83867941780868,0.01747883973259352,35.65189474521123,0.07040410299409966
zero_response,0.4,6.0,1.0,41.83867941780868,0.01747883973259352,35.65189474521123,0.07040410299409966
zero_response,0.4,8.0,1.0,41.83867941780868,0.01747883973259352,35.65189474521123,0.07040410299409966
zero_response,0.4,10.0,1.0,41.83867941780868,0.01747883973259352,35.65189474521123,0.07040410299409966
zero_response,0.4,12.0,1.0,41.83867941780868,0.01747883973259352,35.65189474521123,0.07040410299409966
zero_response,0.5,6.0,1.0,41.83867941780868,0.01747883973259352,35.65189474521123,0.07040410299409966
zero_response,0.5,8.0,1.0,41.83867941780868,0.01747883973259352,35.65189474521123,0.07040410299409966
zero_response,0.5,10.0,1.0,41.83867941780868,0.01747883973259352,35.65189474521123,0.07040410299409966
zero_response,0.5,12.0,1.0,41.83867941780868,0.01747883973259352,35.65189474521123,0.07040410299409966
zero_response,0.6,6.0,1.0,41.83867941780868,0.01747883973259352,35.65189474521123,0.07040410299409966
zero_response,0.6,8.0,1.0,41.83867941780868,0.01747883973259352,35.65189474521123,0.07040410299409966
zero_response,0.6,10.0,1.0,41.83867941780868,0.01747883973259352,35.65189474521123,0.07040410299409966
zero_response,0.6,12.0,1.0,41.83867941780868,0.01747883973259352,35.65189474521123,0.07040410299409966
zero_response,0.7,6.0,1.0,41.83867941780868,0.01747883973259352,35.65189474521123,0.07040410299409966
zero_response,0.7,8.0,1.0,41.83867941780868,0.01747883973259352,35.65189474521123,0.07040410299409966
zero_response,0.7,10.0,1.0,41.83867941780868,0.01747883973259352,35.65189474521123,0.07040410299409966
zero_response,0.7,12.0,1.0,41.83867941780868,0.01747883973259352,35.65189474521123,0.07040410299409966
zero_response,0.1,6.0,1.5,41.83867941780868,0.04433887569279493,35.65189474521123,0.12092261506407453
zero_response,0.1,8.0,1.5,41.83867941780868,0.04433887569279493,35.65189474521123,0.12092261506407453
zero_response,0.1,10.0,1.5,41.83867941780868,0.04433887569279493,35.65189474521123,0.12092261506407453
zero_response,0.1,12.0,1.5,41.83867941780868,0.04433887569279493,35.65189474521123,0.12092261506407453
zero_response,0.2,6.0,1.5,41.83867941780868,0.04433887569279493,35.65189474521123,0.12092261506407453
zero_response,0.2,8.0,1.5,41.83867941780868,0.04433887569279493,35.65189474521123,0.12092261506407453
zero_response,0.2,10.0,1.5,41.83867941780868,0.04433887569279493,35.65189474521123,0.12092261506407453
zero_response,0.2,12.0,1.5,41.83867941780868,0.04433887569279493,35.65189474521123,0.12092261506407453
zero_response,0.3,6.0,1.5,41.83867941780868,0.04433887569279493,35.65189474521123,0.12092261506407453
zero_response,0.3,8.0,1.5,41.83867941780868,0.04433887569279493,35.65189474521123,0.12092261506407453
zero_response,0.3,10.0,1.5,41.83867941780868,0.04433887569279493,35.65189474521123,0.12092261506407453
zero_response,0.3,12.0,1.5,41.83867941780868,0.04433887569279493,35.65189474521123,0.12092261506407453
zero_response,0.4,6.0,1.5,41.83867941780868,0.04433887569279493,35.65189474521123,0.12092261506407453
zero_response,0.4,8.0,1.5,41.83867941780868,0.04433887569279493,35.65189474521123,0.12092261506407453
zero_response,0.4,10.0,1.5,41.83867941780868,0.04433887569279493,35.65189474521123,0.12092261506407453
zero_response,0.4,12.0,1.5,41.83867941780868,0.04433887569279493,35.65189474521123,0.12092261506407453
zero_response,0.5,6.0,1.5,41.83867941780868,0.04433887569279493,35.65189474521123,0.12092261506407453
zero_response,0.5,8.0,1.5,41.83867941780868,0.04433887569279493,35.65189474521123,0.12092261506407453
zero_response,0.5,10.0,1.5,41.83867941780868,0.04433887569279493,35.65189474521123,0.12092261506407453
zero_response,0.5,12.0,1.5,41.83867941780868,0.04433887569279493,35.65189474521123,0.12092261506407453
zero_response,0.6,6.0,1.5,41.83867941780868,0.04433887569279493,35.65189474521123,0.12092261506407453
zero_response,0.6,8.0,1.5,41.83867941780868,0.04433887569279493,35.65189474521123,0.12092261506407453
zero_response,0.6,10.0,1.5,41.83867941780868,0.04433887569279493,35.65189474521123,0.12092261506407453
zero_response,0.6,12.0,1.5,41.83867941780868,0.04433887569279493,35.65189474521123,0.12092261506407453
zero_response,0.7,6.0,1.5,41.83867941780868,0.04433887569279493,35.65189474521123,0.12092261506407453
zero_response,0.7,8.0,1.5,41.83867941780868,0.04433887569279493,35.65189474521123,0.12092261506407453
zero_response,0.7,10.0,1.5,41.83867941780868,0.04433887569279493,35.65189474521123,0.12092261506407453
zero_response,0.7,12.0,1.5,41.83867941780868,0.04433887569279493,35.65189474521123,0.12092261506407453
zero_response,0.1,6.0,2.0,41.83867941780868,0.10481619286766009,35.65189474521123,0.15701098491889603
zero_response,0.1,8.0,2.0,41.83867941780868,0.10481619286766009,35.65189474521123,0.15701098491889603
zero_response,0.1,10.0,2.0,41.83867941780868,0.10481619286766009,35.65189474521123,0.15701098491889603
zero_response,0.1,12.0,2.0,41.83867941780868,0.10481619286766009,35.65189474521123,0.15701098491889603
zero_response,0.2,6.0,2.0,41.83867941780868,0.10481619286766009,35.65189474521123,0.15701098491889603
zero_response,0.2,8.0,2.0,41.83867941780868,0.10481619286766009,35.65189474521123,0.15701098491889603
zero_response,0.2,10.0,2.0,41.83867941780868,0.10481619286766009,35.65189474521123,0.15701098491889603
zero_response,0.2,12.0,2.0,41.83867941780868,0.10481619286766009,35.65189474521123,0.15701098491889603
zero_response,0.3,6.0,2.0,41.83867941780868,0.10481619286766009,35.65189474521123,0.15701098491889603
zero_response,0.3,8.0,2.0,41.83867941780868,0.10481619286766009,35.65189474521123,0.15701098491889603
zero_response,0.3,10.0,2.0,41.83867941780868,0.10481619286766009,35.65189474521123,0.15701098491889603
zero_response,0.3,12.0,2.0,41.83867941780868,0.10481619286766009,35.65189474521123,0.15701098491889603
zero_response,0.4,6.0,2.0,41.83867941780868,0.10481619286766009,35.65189474521123,0.15701098491889603
zero_response,0.4,8.0,2.0,41.83867941780868,0.10481619286766009,35.65189474521123,0.15701098491889603
zero_response,0.4,10.0,2.0,41.83867941780868,0.10481619286766009,35.65189474521123,0.15701098491889603
zero_response,0.4,12.0,2.0,41.83867941780868,0.10481619286766009,35.65189474521123,0.15701098491889603
zero_response,0.5,6.0,2.0,41.83867941780868,0.10481619286766009,35.65189474521123,0.15701098491889603
zero_response,0.5,8.0,2.0,41.83867941780868,0.10481619286766009,35.65189474521123,0.15701098491889603
zero_response,0.5,10.0,2.0,41.83867941780868,0.10481619286766009,35.65189474521123,0.15701098491889603
zero_response,0.5,12.0,2.0,41.83867941780868,0.10481619286766009,35.65189474521123,0.15701098491889603
zero_response,0.6,6.0,2.0,41.83867941780868,0.10481619286766009,35.65189474521123,0.15701098491889603
zero_response,0.6,8.0,2.0,41.83867941780868,0.10481619286766009,35.65189474521123,0.15701098491889603
zero_response,0.6,10.0,2.0,41.83867941780868,0.10481619286766009,35.65189474521123,0.15701098491889603
zero_response,0.6,12.0,2.0,41.83867941780868,0.10481619286766009,35.65189474521123,0.15701098491889603
zero_response,0.7,6.0,2.0,41.83867941780868,0.10481619286766009,35.65189474521123,0.15701098491889603
zero_response,0.7,8.0,2.0,41.83867941780868,0.10481619286766009,35.65189474521123,0.15701098491889603
zero_response,0.7,10.0,2.0,41.83867941780868,0.10481619286766009,35.65189474521123,0.15701098491889603
zero_response,0.7,12.0,2.0,41.83867941780868,0.10481619286766009,35.65189474521123,0.15701098491889603
global_mean,0.1,6.0,0.5,41.83867941780868,0.016556385024318516,35.65189474521123,0.06358925635420233
global_mean,0.1,8.0,0.5,41.83867941780868,0.0169697483503596,35.65189474521123,0.06405899067208144
global_mean,0.1,10.0,0.5,41.83867941780868,0.019438931351435047,35.65189474521123,0.0643287598866268
global_mean,0.1,12.0,0.5,41.83867941780868,0.020094213597693877,35.65189474521123,0.06611207585791896
global_mean,0.2,6.0,0.5,41.83867941780868,0.016556385024318516,35.65189474521123,0.06358925635420233
global_mean,0.2,8.0,0.5,41.83867941780868,0.0169697483503596,35.65189474521123,0.06405899067208144
global_mean,0.2,10.0,0.5,41.83867941780868,0.019438931351435047,35.65189474521123,0.0643287598866268
global_mean,0.2,12.0,0.5,41.83867941780868,0.020094213597693877,35.65189474521123,0.06611207585791896
global_mean,0.3,6.0,0.5,41.83867941780868,0.016556385024318516,35.65189474521123,0.06358925635420233
global_mean,0.3,8.0,0.5,41.83867941780868,0.0169697483503596,35.65189474521123,0.06405899067208144
global_mean,0.3,10.0,0.5,41.83867941780868,0.019438931351435047,35.65189474521123,0.0643287598866268
global_mean,0.3,12.0,0.5,41.83867941780868,0.020094213597693877,35.65189474521123,0.06611207585791896
global_mean,0.4,6.0,0.5,41.83867941780868,0.016556385024318516,35.65189474521123,0.06358925635420233
global_mean,0.4,8.0,0.5,41.83867941780868,0.0169697483503596,35.65189474521123,0.06405899067208144
global_mean,0.4,10.0,0.5,41.83867941780868,0.019438931351435047,35.65189474521123,0.0643287598866268
global_mean,0.4,12.0,0.5,41.83867941780868,0.020094213597693877,35.65189474521123,0.06611207585791896
global_mean,0.5,6.0,0.5,41.83867941780868,0.016556385024318516,35.65189474521123,0.06358925635420233
global_mean,0.5,8.0,0.5,41.83867941780868,0.0169697483503596,35.65189474521123,0.06405899067208144
global_mean,0.5,10.0,0.5,41.83867941780868,0.019438931351435047,35.65189474521123,0.0643287598866268
global_mean,0.5,12.0,0.5,41.83867941780868,0.020094213597693877,35.65189474521123,0.06611207585791896
global_mean,0.6,6.0,0.5,41.83867941780868,0.016556385024318516,35.65189474521123,0.06358925635420233
global_mean,0.6,8.0,0.5,41.83867941780868,0.0169697483503596,35.65189474521123,0.06405899067208144
global_mean,0.6,10.0,0.5,41.83867941780868,0.019438931351435047,35.65189474521123,0.0643287598866268
global_mean,0.6,12.0,0.5,41.83867941780868,0.020094213597693877,35.65189474521123,0.06611207585791896
global_mean,0.7,6.0,0.5,41.83867941780868,0.016556385024318516,35.65189474521123,0.06358925635420233
global_mean,0.7,8.0,0.5,41.83867941780868,0.0169697483503596,35.65189474521123,0.06405899067208144
global_mean,0.7,10.0,0.5,41.83867941780868,0.019438931351435047,35.65189474521123,0.0643287598866268
global_mean,0.7,12.0,0.5,41.83867941780868,0.020094213597693877,35.65189474521123,0.06611207585791896
global_mean,0.1,6.0,1.0,41.83867941780868,0.01747883973259352,35.65189474521123,0.07040410299409966
global_mean,0.1,8.0,1.0,41.83867941780868,0.01747883973259352,35.65189474521123,0.07040410299409966
global_mean,0.1,10.0,1.0,41.83867941780868,0.01747883973259352,35.65189474521123,0.07040410299409966
global_mean,0.1,12.0,1.0,41.83867941780868,0.01747883973259352,35.65189474521123,0.07040410299409966
global_mean,0.2,6.0,1.0,41.83867941780868,0.01747883973259352,35.65189474521123,0.07040410299409966
global_mean,0.2,8.0,1.0,41.83867941780868,0.01747883973259352,35.65189474521123,0.07040410299409966
global_mean,0.2,10.0,1.0,41.83867941780868,0.01747883973259352,35.65189474521123,0.07040410299409966
global_mean,0.2,12.0,1.0,41.83867941780868,0.01747883973259352,35.65189474521123,0.07040410299409966
global_mean,0.3,6.0,1.0,41.83867941780868,0.01747883973259352,35.65189474521123,0.07040410299409966
global_mean,0.3,8.0,1.0,41.83867941780868,0.01747883973259352,35.65189474521123,0.07040410299409966
global_mean,0.3,10.0,1.0,41.83867941780868,0.01747883973259352,35.65189474521123,0.07040410299409966
global_mean,0.3,12.0,1.0,41.83867941780868,0.01747883973259352,35.65189474521123,0.07040410299409966
global_mean,0.4,6.0,1.0,41.83867941780868,0.01747883973259352,35.65189474521123,0.07040410299409966
global_mean,0.4,8.0,1.0,41.83867941780868,0.01747883973259352,35.65189474521123,0.07040410299409966
global_mean,0.4,10.0,1.0,41.83867941780868,0.01747883973259352,35.65189474521123,0.07040410299409966
global_mean,0.4,12.0,1.0,41.83867941780868,0.01747883973259352,35.65189474521123,0.07040410299409966
global_mean,0.5,6.0,1.0,41.83867941780868,0.01747883973259352,35.65189474521123,0.07040410299409966
global_mean,0.5,8.0,1.0,41.83867941780868,0.01747883973259352,35.65189474521123,0.07040410299409966
global_mean,0.5,10.0,1.0,41.83867941780868,0.01747883973259352,35.65189474521123,0.07040410299409966
global_mean,0.5,12.0,1.0,41.83867941780868,0.01747883973259352,35.65189474521123,0.07040410299409966
global_mean,0.6,6.0,1.0,41.83867941780868,0.01747883973259352,35.65189474521123,0.07040410299409966
global_mean,0.6,8.0,1.0,41.83867941780868,0.01747883973259352,35.65189474521123,0.07040410299409966
global_mean,0.6,10.0,1.0,41.83867941780868,0.01747883973259352,35.65189474521123,0.07040410299409966
global_mean,0.6,12.0,1.0,41.83867941780868,0.01747883973259352,35.65189474521123,0.07040410299409966
global_mean,0.7,6.0,1.0,41.83867941780868,0.01747883973259352,35.65189474521123,0.07040410299409966
global_mean,0.7,8.0,1.0,41.83867941780868,0.01747883973259352,35.65189474521123,0.07040410299409966
global_mean,0.7,10.0,1.0,41.83867941780868,0.01747883973259352,35.65189474521123,0.07040410299409966
global_mean,0.7,12.0,1.0,41.83867941780868,0.01747883973259352,35.65189474521123,0.07040410299409966
global_mean,0.1,6.0,1.5,41.83867941780868,0.04433887569279493,35.65189474521123,0.12092261506407453
global_mean,0.1,8.0,1.5,41.83867941780868,0.04433887569279493,35.65189474521123,0.12092261506407453
global_mean,0.1,10.0,1.5,41.83867941780868,0.04433887569279493,35.65189474521123,0.12092261506407453
global_mean,0.1,12.0,1.5,41.83867941780868,0.04433887569279493,35.65189474521123,0.12092261506407453
global_mean,0.2,6.0,1.5,41.83867941780868,0.04433887569279493,35.65189474521123,0.12092261506407453
global_mean,0.2,8.0,1.5,41.83867941780868,0.04433887569279493,35.65189474521123,0.12092261506407453
global_mean,0.2,10.0,1.5,41.83867941780868,0.04433887569279493,35.65189474521123,0.12092261506407453
global_mean,0.2,12.0,1.5,41.83867941780868,0.04433887569279493,35.65189474521123,0.12092261506407453
global_mean,0.3,6.0,1.5,41.83867941780868,0.04433887569279493,35.65189474521123,0.12092261506407453
global_mean,0.3,8.0,1.5,41.83867941780868,0.04433887569279493,35.65189474521123,0.12092261506407453
global_mean,0.3,10.0,1.5,41.83867941780868,0.04433887569279493,35.65189474521123,0.12092261506407453
global_mean,0.3,12.0,1.5,41.83867941780868,0.04433887569279493,35.65189474521123,0.12092261506407453
global_mean,0.4,6.0,1.5,41.83867941780868,0.04433887569279493,35.65189474521123,0.12092261506407453
global_mean,0.4,8.0,1.5,41.83867941780868,0.04433887569279493,35.65189474521123,0.12092261506407453
global_mean,0.4,10.0,1.5,41.83867941780868,0.04433887569279493,35.65189474521123,0.12092261506407453
global_mean,0.4,12.0,1.5,41.83867941780868,0.04433887569279493,35.65189474521123,0.12092261506407453
global_mean,0.5,6.0,1.5,41.83867941780868,0.04433887569279493,35.65189474521123,0.12092261506407453
global_mean,0.5,8.0,1.5,41.83867941780868,0.04433887569279493,35.65189474521123,0.12092261506407453
global_mean,0.5,10.0,1.5,41.83867941780868,0.04433887569279493,35.65189474521123,0.12092261506407453
global_mean,0.5,12.0,1.5,41.83867941780868,0.04433887569279493,35.65189474521123,0.12092261506407453
global_mean,0.6,6.0,1.5,41.83867941780868,0.04433887569279493,35.65189474521123,0.12092261506407453
global_mean,0.6,8.0,1.5,41.83867941780868,0.04433887569279493,35.65189474521123,0.12092261506407453
global_mean,0.6,10.0,1.5,41.83867941780868,0.04433887569279493,35.65189474521123,0.12092261506407453
global_mean,0.6,12.0,1.5,41.83867941780868,0.04433887569279493,35.65189474521123,0.12092261506407453
global_mean,0.7,6.0,1.5,41.83867941780868,0.04433887569279493,35.65189474521123,0.12092261506407453
global_mean,0.7,8.0,1.5,41.83867941780868,0.04433887569279493,35.65189474521123,0.12092261506407453
global_mean,0.7,10.0,1.5,41.83867941780868,0.04433887569279493,35.65189474521123,0.12092261506407453
global_mean,0.7,12.0,1.5,41.83867941780868,0.04433887569279493,35.65189474521123,0.12092261506407453
global_mean,0.1,6.0,2.0,41.83867941780868,0.10481619286766009,35.65189474521123,0.15701098491889603
global_mean,0.1,8.0,2.0,41.83867941780868,0.10481619286766009,35.65189474521123,0.15701098491889603
global_mean,0.1,10.0,2.0,41.83867941780868,0.10481619286766009,35.65189474521123,0.15701098491889603
global_mean,0.1,12.0,2.0,41.83867941780868,0.10481619286766009,35.65189474521123,0.15701098491889603
global_mean,0.2,6.0,2.0,41.83867941780868,0.10481619286766009,35.65189474521123,0.15701098491889603
global_mean,0.2,8.0,2.0,41.83867941780868,0.10481619286766009,35.65189474521123,0.15701098491889603
global_mean,0.2,10.0,2.0,41.83867941780868,0.10481619286766009,35.65189474521123,0.15701098491889603
global_mean,0.2,12.0,2.0,41.83867941780868,0.10481619286766009,35.65189474521123,0.15701098491889603
global_mean,0.3,6.0,2.0,41.83867941780868,0.10481619286766009,35.65189474521123,0.15701098491889603
global_mean,0.3,8.0,2.0,41.83867941780868,0.10481619286766009,35.65189474521123,0.15701098491889603
global_mean,0.3,10.0,2.0,41.83867941780868,0.10481619286766009,35.65189474521123,0.15701098491889603
global_mean,0.3,12.0,2.0,41.83867941780868,0.10481619286766009,35.65189474521123,0.15701098491889603
global_mean,0.4,6.0,2.0,41.83867941780868,0.10481619286766009,35.65189474521123,0.15701098491889603
global_mean,0.4,8.0,2.0,41.83867941780868,0.10481619286766009,35.65189474521123,0.15701098491889603
global_mean,0.4,10.0,2.0,41.83867941780868,0.10481619286766009,35.65189474521123,0.15701098491889603
global_mean,0.4,12.0,2.0,41.83867941780868,0.10481619286766009,35.65189474521123,0.15701098491889603
global_mean,0.5,6.0,2.0,41.83867941780868,0.10481619286766009,35.65189474521123,0.15701098491889603
global_mean,0.5,8.0,2.0,41.83867941780868,0.10481619286766009,35.65189474521123,0.15701098491889603
global_mean,0.5,10.0,2.0,41.83867941780868,0.10481619286766009,35.65189474521123,0.15701098491889603
global_mean,0.5,12.0,2.0,41.83867941780868,0.10481619286766009,35.65189474521123,0.15701098491889603
global_mean,0.6,6.0,2.0,41.83867941780868,0.10481619286766009,35.65189474521123,0.15701098491889603
global_mean,0.6,8.0,2.0,41.83867941780868,0.10481619286766009,35.65189474521123,0.15701098491889603
global_mean,0.6,10.0,2.0,41.83867941780868,0.10481619286766009,35.65189474521123,0.15701098491889603
global_mean,0.6,12.0,2.0,41.83867941780868,0.10481619286766009,35.65189474521123,0.15701098491889603
global_mean,0.7,6.0,2.0,41.83867941780868,0.10481619286766009,35.65189474521123,0.15701098491889603
global_mean,0.7,8.0,2.0,41.83867941780868,0.10481619286766009,35.65189474521123,0.15701098491889603
global_mean,0.7,10.0,2.0,41.83867941780868,0.10481619286766009,35.65189474521123,0.15701098491889603
global_mean,0.7,12.0,2.0,41.83867941780868,0.10481619286766009,35.65189474521123,0.15701098491889603
shell_mean,0.1,6.0,0.5,38.22233670249551,0.016556385024318516,33.17869922494247,0.06358925635420233
shell_mean,0.1,8.0,0.5,38.22233670249551,0.0169697483503596,33.17869922494247,0.06405899067208144
shell_mean,0.1,10.0,0.5,38.22233670249551,0.019438931351435047,33.17869922494247,0.0643287598866268
shell_mean,0.1,12.0,0.5,38.22233670249551,0.020094213597693877,33.17869922494247,0.06611207585791896
shell_mean,0.2,6.0,0.5,41.83867941780868,0.016556385024318516,35.65189474521123,0.06358925635420233
shell_mean,0.2,8.0,0.5,41.83867941780868,0.0169697483503596,35.65189474521123,0.06405899067208144
shell_mean,0.2,10.0,0.5,41.83867941780868,0.019438931351435047,35.65189474521123,0.0643287598866268
shell_mean,0.2,12.0,0.5,41.83867941780868,0.020094213597693877,35.65189474521123,0.06611207585791896
shell_mean,0.3,6.0,0.5,41.83867941780868,0.016556385024318516,35.65189474521123,0.06358925635420233
shell_mean,0.3,8.0,0.5,41.83867941780868,0.0169697483503596,35.65189474521123,0.06405899067208144
shell_mean,0.3,10.0,0.5,41.83867941780868,0.019438931351435047,35.65189474521123,0.0643287598866268
shell_mean,0.3,12.0,0.5,41.83867941780868,0.020094213597693877,35.65189474521123,0.06611207585791896
shell_mean,0.4,6.0,0.5,41.83867941780868,0.016556385024318516,35.65189474521123,0.06358925635420233
shell_mean,0.4,8.0,0.5,41.83867941780868,0.0169697483503596,35.65189474521123,0.06405899067208144
shell_mean,0.4,10.0,0.5,41.83867941780868,0.019438931351435047,35.65189474521123,0.0643287598866268
shell_mean,0.4,12.0,0.5,41.83867941780868,0.020094213597693877,35.65189474521123,0.06611207585791896
shell_mean,0.5,6.0,0.5,41.83867941780868,0.016556385024318516,35.65189474521123,0.06358925635420233
shell_mean,0.5,8.0,0.5,41.83867941780868,0.0169697483503596,35.65189474521123,0.06405899067208144
shell_mean,0.5,10.0,0.5,41.83867941780868,0.019438931351435047,35.65189474521123,0.0643287598866268
shell_mean,0.5,12.0,0.5,41.83867941780868,0.020094213597693877,35.65189474521123,0.06611207585791896
shell_mean,0.6,6.0,0.5,41.83867941780868,0.016556385024318516,35.65189474521123,0.06358925635420233
shell_mean,0.6,8.0,0.5,41.83867941780868,0.0169697483503596,35.65189474521123,0.06405899067208144
shell_mean,0.6,10.0,0.5,41.83867941780868,0.019438931351435047,35.65189474521123,0.0643287598866268
shell_mean,0.6,12.0,0.5,41.83867941780868,0.020094213597693877,35.65189474521123,0.06611207585791896
shell_mean,0.7,6.0,0.5,41.83867941780868,0.016556385024318516,35.65189474521123,0.06358925635420233
shell_mean,0.7,8.0,0.5,41.83867941780868,0.0169697483503596,35.65189474521123,0.06405899067208144
shell_mean,0.7,10.0,0.5,41.83867941780868,0.019438931351435047,35.65189474521123,0.0643287598866268
shell_mean,0.7,12.0,0.5,41.83867941780868,0.020094213597693877,35.65189474521123,0.06611207585791896
shell_mean,0.1,6.0,1.0,38.22233670249551,0.01747883973259352,33.17869922494247,0.07040410299409966
shell_mean,0.1,8.0,1.0,38.22233670249551,0.01747883973259352,33.17869922494247,0.07040410299409966
shell_mean,0.1,10.0,1.0,38.22233670249551,0.01747883973259352,33.17869922494247,0.07040410299409966
shell_mean,0.1,12.0,1.0,38.22233670249551,0.01747883973259352,33.17869922494247,0.07040410299409966
shell_mean,0.2,6.0,1.0,41.83867941780868,0.01747883973259352,35.65189474521123,0.07040410299409966
shell_mean,0.2,8.0,1.0,41.83867941780868,0.01747883973259352,35.65189474521123,0.07040410299409966
shell_mean,0.2,10.0,1.0,41.83867941780868,0.01747883973259352,35.65189474521123,0.07040410299409966
shell_mean,0.2,12.0,1.0,41.83867941780868,0.01747883973259352,35.65189474521123,0.07040410299409966
shell_mean,0.3,6.0,1.0,41.83867941780868,0.01747883973259352,35.65189474521123,0.07040410299409966
shell_mean,0.3,8.0,1.0,41.83867941780868,0.01747883973259352,35.65189474521123,0.07040410299409966
shell_mean,0.3,10.0,1.0,41.83867941780868,0.01747883973259352,35.65189474521123,0.07040410299409966
shell_mean,0.3,12.0,1.0,41.83867941780868,0.01747883973259352,35.65189474521123,0.07040410299409966
shell_mean,0.4,6.0,1.0,41.83867941780868,0.01747883973259352,35.65189474521123,0.07040410299409966
shell_mean,0.4,8.0,1.0,41.83867941780868,0.01747883973259352,35.65189474521123,0.07040410299409966
shell_mean,0.4,10.0,1.0,41.83867941780868,0.01747883973259352,35.65189474521123,0.07040410299409966
shell_mean,0.4,12.0,1.0,41.83867941780868,0.01747883973259352,35.65189474521123,0.07040410299409966
shell_mean,0.5,6.0,1.0,41.83867941780868,0.01747883973259352,35.65189474521123,0.07040410299409966
shell_mean,0.5,8.0,1.0,41.83867941780868,0.01747883973259352,35.65189474521123,0.07040410299409966
shell_mean,0.5,10.0,1.0,41.83867941780868,0.01747883973259352,35.65189474521123,0.07040410299409966
shell_mean,0.5,12.0,1.0,41.83867941780868,0.01747883973259352,35.65189474521123,0.07040410299409966
shell_mean,0.6,6.0,1.0,41.83867941780868,0.01747883973259352,35.65189474521123,0.07040410299409966
shell_mean,0.6,8.0,1.0,41.83867941780868,0.01747883973259352,35.65189474521123,0.07040410299409966
shell_mean,0.6,10.0,1.0,41.83867941780868,0.01747883973259352,35.65189474521123,0.07040410299409966
shell_mean,0.6,12.0,1.0,41.83867941780868,0.01747883973259352,35.65189474521123,0.07040410299409966
shell_mean,0.7,6.0,1.0,41.83867941780868,0.01747883973259352,35.65189474521123,0.07040410299409966
shell_mean,0.7,8.0,1.0,41.83867941780868,0.01747883973259352,35.65189474521123,0.07040410299409966
shell_mean,0.7,10.0,1.0,41.83867941780868,0.01747883973259352,35.65189474521123,0.07040410299409966
shell_mean,0.7,12.0,1.0,41.83867941780868,0.01747883973259352,35.65189474521123,0.07040410299409966
shell_mean,0.1,6.0,1.5,38.22233670249551,0.04433887569279493,33.17869922494247,0.12092261506407453
shell_mean,0.1,8.0,1.5,38.22233670249551,0.04433887569279493,33.17869922494247,0.12092261506407453
shell_mean,0.1,10.0,1.5,38.22233670249551,0.04433887569279493,33.17869922494247,0.12092261506407453
shell_mean,0.1,12.0,1.5,38.22233670249551,0.04433887569279493,33.17869922494247,0.12092261506407453
shell_mean,0.2,6.0,1.5,41.83867941780868,0.04433887569279493,35.65189474521123,0.12092261506407453
shell_mean,0.2,8.0,1.5,41.83867941780868,0.04433887569279493,35.65189474521123,0.12092261506407453
shell_mean,0.2,10.0,1.5,41.83867941780868,0.04433887569279493,35.65189474521123,0.12092261506407453
shell_mean,0.2,12.0,1.5,41.83867941780868,0.04433887569279493,35.65189474521123,0.12092261506407453
shell_mean,0.3,6.0,1.5,41.83867941780868,0.04433887569279493,35.65189474521123,0.12092261506407453
shell_mean,0.3,8.0,1.5,41.83867941780868,0.04433887569279493,35.65189474521123,0.12092261506407453
shell_mean,0.3,10.0,1.5,41.83867941780868,0.04433887569279493,35.65189474521123,0.12092261506407453
shell_mean,0.3,12.0,1.5,41.83867941780868,0.04433887569279493,35.65189474521123,0.12092261506407453
shell_mean,0.4,6.0,1.5,41.83867941780868,0.04433887569279493,35.65189474521123,0.12092261506407453
shell_mean,0.4,8.0,1.5,41.83867941780868,0.04433887569279493,35.65189474521123,0.12092261506407453
shell_mean,0.4,10.0,1.5,41.83867941780868,0.04433887569279493,35.65189474521123,0.12092261506407453
shell_mean,0.4,12.0,1.5,41.83867941780868,0.04433887569279493,35.65189474521123,0.12092261506407453
shell_mean,0.5,6.0,1.5,41.83867941780868,0.04433887569279493,35.65189474521123,0.12092261506407453
shell_mean,0.5,8.0,1.5,41.83867941780868,0.04433887569279493,35.65189474521123,0.12092261506407453
shell_mean,0.5,10.0,1.5,41.83867941780868,0.04433887569279493,35.65189474521123,0.12092261506407453
shell_mean,0.5,12.0,1.5,41.83867941780868,0.04433887569279493,35.65189474521123,0.12092261506407453
shell_mean,0.6,6.0,1.5,41.83867941780868,0.04433887569279493,35.65189474521123,0.12092261506407453
shell_mean,0.6,8.0,1.5,41.83867941780868,0.04433887569279493,35.65189474521123,0.12092261506407453
shell_mean,0.6,10.0,1.5,41.83867941780868,0.04433887569279493,35.65189474521123,0.12092261506407453
shell_mean,0.6,12.0,1.5,41.83867941780868,0.04433887569279493,35.65189474521123,0.12092261506407453
shell_mean,0.7,6.0,1.5,41.83867941780868,0.04433887569279493,35.65189474521123,0.12092261506407453
shell_mean,0.7,8.0,1.5,41.83867941780868,0.04433887569279493,35.65189474521123,0.12092261506407453
shell_mean,0.7,10.0,1.5,41.83867941780868,0.04433887569279493,35.65189474521123,0.12092261506407453
shell_mean,0.7,12.0,1.5,41.83867941780868,0.04433887569279493,35.65189474521123,0.12092261506407453
shell_mean,0.1,6.0,2.0,38.22233670249551,0.10481619286766009,33.17869922494247,0.15701098491889603
shell_mean,0.1,8.0,2.0,38.22233670249551,0.10481619286766009,33.17869922494247,0.15701098491889603
shell_mean,0.1,10.0,2.0,38.22233670249551,0.10481619286766009,33.17869922494247,0.15701098491889603
shell_mean,0.1,12.0,2.0,38.22233670249551,0.10481619286766009,33.17869922494247,0.15701098491889603
shell_mean,0.2,6.0,2.0,41.83867941780868,0.10481619286766009,35.65189474521123,0.15701098491889603
shell_mean,0.2,8.0,2.0,41.83867941780868,0.10481619286766009,35.65189474521123,0.15701098491889603
shell_mean,0.2,10.0,2.0,41.83867941780868,0.10481619286766009,35.65189474521123,0.15701098491889603
shell_mean,0.2,12.0,2.0,41.83867941780868,0.10481619286766009,35.65189474521123,0.15701098491889603
shell_mean,0.3,6.0,2.0,41.83867941780868,0.10481619286766009,35.65189474521123,0.15701098491889603
shell_mean,0.3,8.0,2.0,41.83867941780868,0.10481619286766009,35.65189474521123,0.15701098491889603
shell_mean,0.3,10.0,2.0,41.83867941780868,0.10481619286766009,35.65189474521123,0.15701098491889603
shell_mean,0.3,12.0,2.0,41.83867941780868,0.10481619286766009,35.65189474521123,0.15701098491889603
shell_mean,0.4,6.0,2.0,41.83867941780868,0.10481619286766009,35.65189474521123,0.15701098491889603
shell_mean,0.4,8.0,2.0,41.83867941780868,0.10481619286766009,35.65189474521123,0.15701098491889603
shell_mean,0.4,10.0,2.0,41.83867941780868,0.10481619286766009,35.65189474521123,0.15701098491889603
shell_mean,0.4,12.0,2.0,41.83867941780868,0.10481619286766009,35.65189474521123,0.15701098491889603
shell_mean,0.5,6.0,2.0,41.83867941780868,0.10481619286766009,35.65189474521123,0.15701098491889603
shell_mean,0.5,8.0,2.0,41.83867941780868,0.10481619286766009,35.65189474521123,0.15701098491889603
shell_mean,0.5,10.0,2.0,41.83867941780868,0.10481619286766009,35.65189474521123,0.15701098491889603
shell_mean,0.5,12.0,2.0,41.83867941780868,0.10481619286766009,35.65189474521123,0.15701098491889603
shell_mean,0.6,6.0,2.0,41.83867941780868,0.10481619286766009,35.65189474521123,0.15701098491889603
shell_mean,0.6,8.0,2.0,41.83867941780868,0.10481619286766009,35.65189474521123,0.15701098491889603
shell_mean,0.6,10.0,2.0,41.83867941780868,0.10481619286766009,35.65189474521123,0.15701098491889603
shell_mean,0.6,12.0,2.0,41.83867941780868,0.10481619286766009,35.65189474521123,0.15701098491889603
shell_mean,0.7,6.0,2.0,41.83867941780868,0.10481619286766009,35.65189474521123,0.15701098491889603
shell_mean,0.7,8.0,2.0,41.83867941780868,0.10481619286766009,35.65189474521123,0.15701098491889603
shell_mean,0.7,10.0,2.0,41.83867941780868,0.10481619286766009,35.65189474521123,0.15701098491889603
shell_mean,0.7,12.0,2.0,41.83867941780868,0.10481619286766009,35.65189474521123,0.15701098491889603
mutation_type_shell_mean,0.1,6.0,0.5,33.568179031279236,0.1693445751951745,27.468490707398434,0.1532934549356654
mutation_type_shell_mean,0.1,8.0,0.5,33.568179031279236,0.13797644352877803,27.468490707398434,0.1343480577407557
mutation_type_shell_mean,0.1,10.0,0.5,33.568179031279236,0.13853077274682032,27.468490707398434,0.13458962376405384
mutation_type_shell_mean,0.1,12.0,0.5,33.568179031279236,0.12148138877688897,27.468490707398434,0.13615221524492804
mutation_type_shell_mean,0.2,6.0,0.5,35.231304199246914,0.13342737733414717,28.914215549697133,0.13224391225535662
mutation_type_shell_mean,0.2,8.0,0.5,35.231304199246914,0.1137522147418467,28.914215549697133,0.12499213352225741
mutation_type_shell_mean,0.2,10.0,0.5,35.231304199246914,0.11420602290995431,28.914215549697133,0.12508031410195633
mutation_type_shell_mean,0.2,12.0,0.5,35.231304199246914,0.11420150201002853,28.914215549697133,0.12645667925791404
mutation_type_shell_mean,0.3,6.0,0.5,37.47900557275859,0.08814107271259068,29.168674076673927,0.12658441636853343
mutation_type_shell_mean,0.3,8.0,0.5,37.47900557275859,0.08659143508915991,29.168674076673927,0.12374095125342487
mutation_type_shell_mean,0.3,10.0,0.5,37.47900557275859,0.08694729742511703,29.168674076673927,0.12376759773854414
mutation_type_shell_mean,0.3,12.0,0.5,37.47900557275859,0.08575036717643265,29.168674076673927,0.10975081754332068
mutation_type_shell_mean,0.4,6.0,0.5,39.01495087659312,0.07075326056334214,30.94267554734409,0.11818747798841955
mutation_type_shell_mean,0.4,8.0,0.5,39.01495087659312,0.06762009567678513,30.94267554734409,0.09904226167085323
mutation_type_shell_mean,0.4,10.0,0.5,39.01495087659312,0.06790821165735703,30.94267554734409,0.09907233490416743
mutation_type_shell_mean,0.4,12.0,0.5,39.01495087659312,0.06780103443645051,30.94267554734409,0.10132940511824327
mutation_type_shell_mean,0.5,6.0,0.5,39.059409574023874,0.07001634941631704,30.999836285232803,0.11467747633088148
mutation_type_shell_mean,0.5,8.0,0.5,39.059409574023874,0.06695844162051488,30.999836285232803,0.1012271130268655
mutation_type_shell_mean,0.5,10.0,0.5,39.059409574023874,0.06723091897544876,30.999836285232803,0.10124523862307333
mutation_type_shell_mean,0.5,12.0,0.5,39.059409574023874,0.06780103443645051,30.999836285232803,0.10132940511824327
mutation_type_shell_mean,0.6,6.0,0.5,39.87198541120895,0.05658326473716269,34.57245639108865,0.08651202904851378
mutation_type_shell_mean,0.6,8.0,0.5,39.87198541120895,0.054108158340295955,34.57245639108865,0.06925411123138885
mutation_type_shell_mean,0.6,10.0,0.5,39.87198541120895,0.054369440826522515,34.57245639108865,0.06925794630069475
mutation_type_shell_mean,0.6,12.0,0.5,39.87198541120895,0.055228121922703155,34.57245639108865,0.06942084041317637
mutation_type_shell_mean,0.7,6.0,0.5,39.92465284724121,0.05357386595804189,34.76719311544384,0.06751906164588212
mutation_type_shell_mean,0.7,8.0,0.5,39.92465284724121,0.0526553786831159,34.76719311544384,0.0685538430324053
mutation_type_shell_mean,0.7,10.0,0.5,39.92465284724121,0.05290958355033327,34.76719311544384,0.06855191171934982
mutation_type_shell_mean,0.7,12.0,0.5,39.92465284724121,0.05376343870918813,34.76719311544384,0.06871336874729382
mutation_type_shell_mean,0.1,6.0,1.0,33.568179031279236,0.11277131746146642,27.468490707398434,0.16312331508693412
mutation_type_shell_mean,0.1,8.0,1.0,33.568179031279236,0.10375280074862453,27.468490707398434,0.148510488488562
mutation_type_shell_mean,0.1,10.0,1.0,33.568179031279236,0.10461328767882423,27.468490707398434,0.14859474843552828
mutation_type_shell_mean,0.1,12.0,1.0,33.568179031279236,0.10427470583898633,27.468490707398434,0.1465791263891816
mutation_type_shell_mean,0.2,6.0,1.0,35.231304199246914,0.10562215916407773,28.914215549697133,0.14581455985180292
mutation_type_shell_mean,0.2,8.0,1.0,35.231304199246914,0.10255342583845922,28.914215549697133,0.1386515181294328
mutation_type_shell_mean,0.2,10.0,1.0,35.231304199246914,0.10338288939329608,28.914215549697133,0.13873574321599383
mutation_type_shell_mean,0.2,12.0,1.0,35.231304199246914,0.10365768603780934,28.914215549697133,0.13682750976059455
mutation_type_shell_mean,0.3,6.0,1.0,37.47900557275859,0.08838268899119106,29.168674076673927,0.13746955820788923
mutation_type_shell_mean,0.3,8.0,1.0,37.47900557275859,0.08631503033888842,29.168674076673927,0.1320764491989946
mutation_type_shell_mean,0.3,10.0,1.0,37.47900557275859,0.08687474905877339,29.168674076673927,0.13216028773235783
mutation_type_shell_mean,0.3,12.0,1.0,37.47900557275859,0.08515440582912749,29.168674076673927,0.11386204940774333
mutation_type_shell_mean,0.4,6.0,1.0,39.01495087659312,0.07141926315687228,30.94267554734409,0.1291451992286547
mutation_type_shell_mean,0.4,8.0,1.0,39.01495087659312,0.0677407307829717,30.94267554734409,0.10640045842508251
mutation_type_shell_mean,0.4,10.0,1.0,39.01495087659312,0.06812807199143117,30.94267554734409,0.10643172289954829
mutation_type_shell_mean,0.4,12.0,1.0,39.01495087659312,0.06721332558161341,30.94267554734409,0.105458090604874
mutation_type_shell_mean,0.5,6.0,1.0,39.059409574023874,0.0706828529555638,30.999836285232803,0.1256516128845563
mutation_type_shell_mean,0.5,8.0,1.0,39.059409574023874,0.06608109878369284,30.999836285232803,0.1053538041872683
mutation_type_shell_mean,0.5,10.0,1.0,39.059409574023874,0.06643749141283492,30.999836285232803,0.10538410864837576
mutation_type_shell_mean,0.5,12.0,1.0,39.059409574023874,0.06721332558161341,30.999836285232803,0.105458090604874
mutation_type_shell_mean,0.6,6.0,1.0,39.87198541120895,0.053635376177259164,34.57245639108865,0.09463426944679489
mutation_type_shell_mean,0.6,8.0,1.0,39.87198541120895,0.0501200179789082,34.57245639108865,0.07232678430324785
mutation_type_shell_mean,0.6,10.0,1.0,39.87198541120895,0.050599949742848475,34.57245639108865,0.0723607430797861
mutation_type_shell_mean,0.6,12.0,1.0,39.87198541120895,0.052299424574026025,34.57245639108865,0.07253103151583769
mutation_type_shell_mean,0.7,6.0,1.0,39.92465284724121,0.05033510849292835,34.76719311544384,0.07378327227959783
mutation_type_shell_mean,0.7,8.0,1.0,39.92465284724121,0.0485256929081552,34.76719311544384,0.0716022771388146
mutation_type_shell_mean,0.7,10.0,1.0,39.92465284724121,0.04899314704937371,34.76719311544384,0.07163364073558669
mutation_type_shell_mean,0.7,12.0,1.0,39.92465284724121,0.050660382897418886,34.76719311544384,0.07180214283829295
mutation_type_shell_mean,0.1,6.0,1.5,33.568179031279236,0.08505156551392064,27.468490707398434,0.1670246286387752
mutation_type_shell_mean,0.1,8.0,1.5,33.568179031279236,0.08504129443446895,27.468490707398434,0.16478165390995517
mutation_type_shell_mean,0.1,10.0,1.5,33.568179031279236,0.08521109766544355,27.468490707398434,0.16478995610948258
mutation_type_shell_mean,0.1,12.0,1.5,33.568179031279236,0.08375898807846009,27.468490707398434,0.1632003889263703
mutation_type_shell_mean,0.2,6.0,1.5,35.231304199246914,0.08505156551392064,28.914215549697133,0.1670246286387752
mutation_type_shell_mean,0.2,8.0,1.5,35.231304199246914,0.08436430922198347,28.914215549697133,0.16463537338984288
mutation_type_shell_mean,0.2,10.0,1.5,35.231304199246914,0.08453181815492115,28.914215549697133,0.1646435102921813
mutation_type_shell_mean,0.2,12.0,1.5,35.231304199246914,0.08375898807846009,28.914215549697133,0.1632003889263703
mutation_type_shell_mean,0.3,6.0,1.5,37.47900557275859,0.08505156551392064,29.168674076673927,0.1670246286387752
mutation_type_shell_mean,0.3,8.0,1.5,37.47900557275859,0.08357381789505963,29.168674076673927,0.16318386691070833
mutation_type_shell_mean,0.3,10.0,1.5,37.47900557275859,0.08373890389215173,29.168674076673927,0.16319224757369255
mutation_type_shell_mean,0.3,12.0,1.5,37.47900557275859,0.08079766989090192,29.168674076673927,0.14804540624464654
mutation_type_shell_mean,0.4,6.0,1.5,39.01495087659312,0.08503848518050655,30.94267554734409,0.16365762527177183
mutation_type_shell_mean,0.4,8.0,1.5,39.01495087659312,0.08207130424407129,30.94267554734409,0.14533025075719416
mutation_type_shell_mean,0.4,10.0,1.5,39.01495087659312,0.0822313278748662,30.94267554734409,0.14533863142017836
mutation_type_shell_mean,0.4,12.0,1.5,39.01495087659312,0.08078394583638814,30.94267554734409,0.1446784028776432
mutation_type_shell_mean,0.5,6.0,1.5,39.059409574023874,0.08433759581573387,30.999836285232803,0.16126667584032398
mutation_type_shell_mean,0.5,8.0,1.5,39.059409574023874,0.08014053596664457,30.999836285232803,0.14463889078497585
mutation_type_shell_mean,0.5,10.0,1.5,39.059409574023874,0.08029419876710177,30.999836285232803,0.14464629001628002
mutation_type_shell_mean,0.5,12.0,1.5,39.059409574023874,0.08078394583638814,30.999836285232803,0.1446784028776432
mutation_type_shell_mean,0.6,6.0,1.5,39.87198541120895,0.07246704542503685,34.57245639108865,0.1304331531530393
mutation_type_shell_mean,0.6,8.0,1.5,39.87198541120895,0.06885453806315635,34.57245639108865,0.11409733087196348
mutation_type_shell_mean,0.6,10.0,1.5,39.87198541120895,0.06896962707078892,34.57245639108865,0.11410178955044381
mutation_type_shell_mean,0.6,12.0,1.5,39.87198541120895,0.06922607407241832,34.57245639108865,0.11411897321813248
mutation_type_shell_mean,0.7,6.0,1.5,39.92465284724121,0.07001049940188663,34.76719311544384,0.11497343502164675
mutation_type_shell_mean,0.7,8.0,1.5,39.92465284724121,0.06795790867670153,34.76719311544384,0.11360043830458634
mutation_type_shell_mean,0.7,10.0,1.5,39.92465284724121,0.0680698657574449,34.76719311544384,0.113602698343388
mutation_type_shell_mean,0.7,12.0,1.5,39.92465284724121,0.06831586399576133,34.76719311544384,0.11361766733691292
mutation_type_shell_mean,0.1,6.0,2.0,33.568179031279236,0.14047648799895113,27.468490707398434,0.18315755956121255
mutation_type_shell_mean,0.1,8.0,2.0,33.568179031279236,0.1404896147559575,27.468490707398434,0.18315755956121255
mutation_type_shell_mean,0.1,10.0,2.0,33.568179031279236,0.14066362645184047,27.468490707398434,0.1831656715630874
mutation_type_shell_mean,0.1,12.0,2.0,33.568179031279236,0.1406823846807311,27.468490707398434,0.1831760099844364
mutation_type_shell_mean,0.2,6.0,2.0,35.231304199246914,0.14047648799895113,28.914215549697133,0.18315755956121255
mutation_type_shell_mean,0.2,8.0,2.0,35.231304199246914,0.1404896147559575,28.914215549697133,0.18315755956121255
mutation_type_shell_mean,0.2,10.0,2.0,35.231304199246914,0.14066362645184047,28.914215549697133,0.1831656715630874
mutation_type_shell_mean,0.2,12.0,2.0,35.231304199246914,0.1406823846807311,28.914215549697133,0.1831760099844364
mutation_type_shell_mean,0.3,6.0,2.0,37.47900557275859,0.14047648799895113,29.168674076673927,0.18315755956121255
mutation_type_shell_mean,0.3,8.0,2.0,37.47900557275859,0.1404896147559575,29.168674076673927,0.18315755956121255
mutation_type_shell_mean,0.3,10.0,2.0,37.47900557275859,0.14066362645184047,29.168674076673927,0.1831656715630874
mutation_type_shell_mean,0.3,12.0,2.0,37.47900557275859,0.13768910572499923,29.168674076673927,0.17257529193326762
mutation_type_shell_mean,0.4,6.0,2.0,39.01495087659312,0.14047648799895113,30.94267554734409,0.18315755956121255
mutation_type_shell_mean,0.4,8.0,2.0,39.01495087659312,0.13949101788666673,30.94267554734409,0.17328903302601933
mutation_type_shell_mean,0.4,10.0,2.0,39.01495087659312,0.13966145539868124,30.94267554734409,0.1732971450278942
mutation_type_shell_mean,0.4,12.0,2.0,39.01495087659312,0.13768910572499923,30.94267554734409,0.17257529193326762
mutation_type_shell_mean,0.5,6.0,2.0,39.059409574023874,0.14047648799895113,30.999836285232803,0.18315755956121255
mutation_type_shell_mean,0.5,8.0,2.0,39.059409574023874,0.13750830894813673,30.999836285232803,0.17255804919116227
mutation_type_shell_mean,0.5,10.0,2.0,39.059409574023874,0.13767140902360223,30.999836285232803,0.17256481714747074
mutation_type_shell_mean,0.5,12.0,2.0,39.059409574023874,0.13768910572499923,30.999836285232803,0.17257529193326762
mutation_type_shell_mean,0.6,6.0,2.0,39.87198541120895,0.1316136733623333,34.57245639108865,0.1546876705774232
mutation_type_shell_mean,0.6,8.0,2.0,39.87198541120895,0.1284505236488465,34.57245639108865,0.14290246448801971
mutation_type_shell_mean,0.6,10.0,2.0,39.87198541120895,0.12857995917871046,34.57245639108865,0.1429063352619054
mutation_type_shell_mean,0.6,12.0,2.0,39.87198541120895,0.12859439183686996,34.57245639108865,0.14291202304873535
mutation_type_shell_mean,0.7,6.0,2.0,39.92465284724121,0.13007824547270225,34.76719311544384,0.14404826453110614
mutation_type_shell_mean,0.7,8.0,2.0,39.92465284724121,0.12797090910184875,34.76719311544384,0.14259396941512673
mutation_type_shell_mean,0.7,10.0,2.0,39.92465284724121,0.12809866475392853,34.76719311544384,0.14259621653073404
mutation_type_shell_mean,0.7,12.0,2.0,39.92465284724121,0.12811293709459817,34.76719311544384,0.14260190431756398
esm_mlp,0.1,6.0,0.5,5.930697877939952,0.3457356489741452,13.783409819183357,0.27629044736632524
esm_mlp,0.1,8.0,0.5,5.930697877939952,0.3461623607033129,13.783409819183357,0.27323993317786316
esm_mlp,0.1,10.0,0.5,5.930697877939952,0.3444689264373028,13.783409819183357,0.2727948049331366
esm_mlp,0.1,12.0,0.5,5.930697877939952,0.3433043598714854,13.783409819183357,0.2716458455926316
esm_mlp,0.2,6.0,0.5,7.713735251591481,0.3624248089672139,15.795582668512806,0.2578447607768236
esm_mlp,0.2,8.0,0.5,7.713735251591481,0.3629125341813841,15.795582668512806,0.25418064674800334
esm_mlp,0.2,10.0,0.5,7.713735251591481,0.35954348271380115,15.795582668512806,0.25354578963912716
esm_mlp,0.2,12.0,0.5,7.713735251591481,0.35852780304051174,15.795582668512806,0.2506284672305289
esm_mlp,0.3,6.0,0.5,8.624025007321015,0.36275232175216304,17.751429144946208,0.23738603397429298
esm_mlp,0.3,8.0,0.5,8.624025007321015,0.3633104539744076,17.751429144946208,0.23474531672406906
esm_mlp,0.3,10.0,0.5,8.624025007321015,0.3566425703181666,17.751429144946208,0.22956018061167235
esm_mlp,0.3,12.0,0.5,8.624025007321015,0.35729713570018906,17.751429144946208,0.22755935913045658
esm_mlp,0.4,6.0,0.5,9.573166231694154,0.3553074527645914,19.665037409170917,0.21286093317857624
esm_mlp,0.4,8.0,0.5,9.573166231694154,0.35592272149828424,19.665037409170917,0.20881695070360237
esm_mlp,0.4,10.0,0.5,9.573166231694154,0.3502841356397652,19.665037409170917,0.20710610269281587
esm_mlp,0.4,12.0,0.5,9.573166231694154,0.3505964485312354,19.665037409170917,0.20495817524904988
esm_mlp,0.5,6.0,0.5,10.347797719633924,0.3561245463483922,23.62303993996346,0.18588612026531853
esm_mlp,0.5,8.0,0.5,10.347797719633924,0.3573991422231361,23.62303993996346,0.1841673242983539
esm_mlp,0.5,10.0,0.5,10.347797719633924,0.351593672365401,23.62303993996346,0.1804041151455686
esm_mlp,0.5,12.0,0.5,10.347797719633924,0.35204145851767615,23.62303993996346,0.1803727153172553
esm_mlp,0.6,6.0,0.5,12.678804665582891,0.3393872927904175,24.46906820034804,0.1711555258860806
esm_mlp,0.6,8.0,0.5,12.678804665582891,0.3402147922453926,24.46906820034804,0.1715936664370156
esm_mlp,0.6,10.0,0.5,12.678804665582891,0.3358469430252365,24.46906820034804,0.1701120644303774
esm_mlp,0.6,12.0,0.5,12.678804665582891,0.3362033992225515,24.46906820034804,0.17009718740632604
esm_mlp,0.7,6.0,0.5,13.409524535747037,0.357841244919415,24.507623376904807,0.16351150718276208
esm_mlp,0.7,8.0,0.5,13.409524535747037,0.3583209107696856,24.507623376904807,0.16305341315248953
esm_mlp,0.7,10.0,0.5,13.409524535747037,0.3552479386152603,24.507623376904807,0.1617418086999224
esm_mlp,0.7,12.0,0.5,13.409524535747037,0.3555735487188385,24.507623376904807,0.16218337212386916
esm_mlp,0.1,6.0,1.0,5.930697877939952,0.34925661364967725,13.783409819183357,0.20538408776976957
esm_mlp,0.1,8.0,1.0,5.930697877939952,0.34908364001935915,13.783409819183357,0.20557447122518163
esm_mlp,0.1,10.0,1.0,5.930697877939952,0.34971111077634043,13.783409819183357,0.20537589326163833
esm_mlp,0.1,12.0,1.0,5.930697877939952,0.3568257814697937,13.783409819183357,0.20387929906309932
esm_mlp,0.2,6.0,1.0,7.713735251591481,0.3491698231547449,15.795582668512806,0.20536138384101366
esm_mlp,0.2,8.0,1.0,7.713735251591481,0.34903813227646147,15.795582668512806,0.20220688324706576
esm_mlp,0.2,10.0,1.0,7.713735251591481,0.34892662394840207,15.795582668512806,0.20148340335125306
esm_mlp,0.2,12.0,1.0,7.713735251591481,0.3562962120824635,15.795582668512806,0.20001877193984016
esm_mlp,0.3,6.0,1.0,8.624025007321015,0.3491243445051891,17.751429144946208,0.2053390774947994
esm_mlp,0.3,8.0,1.0,8.624025007321015,0.34903813227646147,17.751429144946208,0.20220688324706576
esm_mlp,0.3,10.0,1.0,8.624025007321015,0.3488431197645802,17.751429144946208,0.20070311363251045
esm_mlp,0.3,12.0,1.0,8.624025007321015,0.3545758310679987,17.751429144946208,0.19852488498936857
esm_mlp,0.4,6.0,1.0,9.573166231694154,0.34791159944619904,19.665037409170917,0.1946093446644073
esm_mlp,0.4,8.0,1.0,9.573166231694154,0.3478068258404586,19.665037409170917,0.18895187698041804
esm_mlp,0.4,10.0,1.0,9.573166231694154,0.34686490903273454,19.665037409170917,0.18744390011924078
esm_mlp,0.4,12.0,1.0,9.573166231694154,0.3508342510190788,19.665037409170917,0.18526284271104917
esm_mlp,0.5,6.0,1.0,10.347797719633924,0.34631242029073084,23.62303993996346,0.17423982819392717
esm_mlp,0.5,8.0,1.0,10.347797719633924,0.35076178959837595,23.62303993996346,0.17159709882230725
esm_mlp,0.5,10.0,1.0,10.347797719633924,0.34747970448646476,23.62303993996346,0.16819470267414688
esm_mlp,0.5,12.0,1.0,10.347797719633924,0.35128881622424096,23.62303993996346,0.1682688751216906
esm_mlp,0.6,6.0,1.0,12.678804665582891,0.3360946126024846,24.46906820034804,0.15553711940305823
esm_mlp,0.6,8.0,1.0,12.678804665582891,0.33736709582607555,24.46906820034804,0.1560102190863514
esm_mlp,0.6,10.0,1.0,12.678804665582891,0.3352110656917278,24.46906820034804,0.1546032832966561
esm_mlp,0.6,12.0,1.0,12.678804665582891,0.3367691329295526,24.46906820034804,0.1547203327829172
esm_mlp,0.7,6.0,1.0,13.409524535747037,0.3326181124740943,24.507623376904807,0.14341477420774437
esm_mlp,0.7,8.0,1.0,13.409524535747037,0.33342665086001255,24.507623376904807,0.14289146510361578
esm_mlp,0.7,10.0,1.0,13.409524535747037,0.33238017805703296,24.507623376904807,0.14195329996905395
esm_mlp,0.7,12.0,1.0,13.409524535747037,0.3335927651621988,24.507623376904807,0.1425266003869095
esm_mlp,0.1,6.0,1.5,5.930697877939952,0.39031040479308327,13.783409819183357,0.18596750990848027
esm_mlp,0.1,8.0,1.5,5.930697877939952,0.3902419446347641,13.783409819183357,0.18595452252935327
esm_mlp,0.1,10.0,1.5,5.930697877939952,0.38911509529766336,13.783409819183357,0.1857026800612883
esm_mlp,0.1,12.0,1.5,5.930697877939952,0.3951343008786285,13.783409819183357,0.18484263219819688
esm_mlp,0.2,6.0,1.5,7.713735251591481,0.39031040479308327,15.795582668512806,0.18596750990848027
esm_mlp,0.2,8.0,1.5,7.713735251591481,0.3902419446347641,15.795582668512806,0.18595452252935327
esm_mlp,0.2,10.0,1.5,7.713735251591481,0.38867268384710685,15.795582668512806,0.18531820654741993
esm_mlp,0.2,12.0,1.5,7.713735251591481,0.39487726537594264,15.795582668512806,0.18461957287623615
esm_mlp,0.3,6.0,1.5,8.624025007321015,0.39031040479308327,17.751429144946208,0.18596750990848027
esm_mlp,0.3,8.0,1.5,8.624025007321015,0.3902419446347641,17.751429144946208,0.18595452252935327
esm_mlp,0.3,10.0,1.5,8.624025007321015,0.3892814570172504,17.751429144946208,0.18453676678758377
esm_mlp,0.3,12.0,1.5,8.624025007321015,0.393592899937913,17.751429144946208,0.18311950593140852
esm_mlp,0.4,6.0,1.5,9.573166231694154,0.39031414132070114,19.665037409170917,0.18604552584015474
esm_mlp,0.4,8.0,1.5,9.573166231694154,0.3902456810511092,19.665037409170917,0.18603253846102774
esm_mlp,0.4,10.0,1.5,9.573166231694154,0.38928218440018,19.665037409170917,0.18461478271925824
esm_mlp,0.4,12.0,1.5,9.573166231694154,0.39341846075296055,19.665037409170917,0.1831968228693438
esm_mlp,0.5,6.0,1.5,10.347797719633924,0.3902879261400642,23.62303993996346,0.18545358492563313
esm_mlp,0.5,8.0,1.5,10.347797719633924,0.3902001918209735,23.62303993996346,0.18482914651689505
esm_mlp,0.5,10.0,1.5,10.347797719633924,0.3891356547302669,23.62303993996346,0.18141612952060504
esm_mlp,0.5,12.0,1.5,10.347797719633924,0.3927805413960865,23.62303993996346,0.17999624986518029
esm_mlp,0.6,6.0,1.5,12.678804665582891,0.39017237669729044,24.46906820034804,0.18282132611549992
esm_mlp,0.6,8.0,1.5,12.678804665582891,0.3900797672380503,24.46906820034804,0.1828079395141189
esm_mlp,0.6,10.0,1.5,12.678804665582891,0.3890971983187117,24.46906820034804,0.18141579124426652
esm_mlp,0.6,12.0,1.5,12.678804665582891,0.3927197057426006,24.46906820034804,0.17999591070702536
esm_mlp,0.7,6.0,1.5,13.409524535747037,0.3888436553929518,24.507623376904807,0.1821751950845041
esm_mlp,0.7,8.0,1.5,13.409524535747037,0.39044213506429654,24.507623376904807,0.18236913301537166
esm_mlp,0.7,10.0,1.5,13.409524535747037,0.39118914742685434,24.507623376904807,0.1811985599833899
esm_mlp,0.7,12.0,1.5,13.409524535747037,0.3946536025643997,24.507623376904807,0.17992750869230972
esm_mlp,0.1,6.0,2.0,5.930697877939952,0.3433336720540264,13.783409819183357,0.18148193000295842
esm_mlp,0.1,8.0,2.0,5.930697877939952,0.34337773727557613,13.783409819183357,0.18148789307714056
esm_mlp,0.1,10.0,2.0,5.930697877939952,0.34355020494314353,13.783409819183357,0.18141629760129008
esm_mlp,0.1,12.0,2.0,5.930697877939952,0.3486058872043591,13.783409819183357,0.18059627908876166
esm_mlp,0.2,6.0,2.0,7.713735251591481,0.3433336720540264,15.795582668512806,0.18148193000295842
esm_mlp,0.2,8.0,2.0,7.713735251591481,0.34337773727557613,15.795582668512806,0.18148789307714056
esm_mlp,0.2,10.0,2.0,7.713735251591481,0.34315157551702047,15.795582668512806,0.18125184803159106
esm_mlp,0.2,12.0,2.0,7.713735251591481,0.34834381033972556,15.795582668512806,0.18054293764188548
esm_mlp,0.3,6.0,2.0,8.624025007321015,0.3433336720540264,17.751429144946208,0.18148193000295842
esm_mlp,0.3,8.0,2.0,8.624025007321015,0.34337773727557613,17.751429144946208,0.18148789307714056
esm_mlp,0.3,10.0,2.0,8.624025007321015,0.3433642938387946,17.751429144946208,0.18046188601420424
esm_mlp,0.3,12.0,2.0,8.624025007321015,0.3473611544406434,17.751429144946208,0.18032336906826674
esm_mlp,0.4,6.0,2.0,9.573166231694154,0.3433336720540264,19.665037409170917,0.18148193000295842
esm_mlp,0.4,8.0,2.0,9.573166231694154,0.34337773727557613,19.665037409170917,0.18148789307714056
esm_mlp,0.4,10.0,2.0,9.573166231694154,0.3433642938387946,19.665037409170917,0.18046188601420424
esm_mlp,0.4,12.0,2.0,9.573166231694154,0.3473611544406434,19.665037409170917,0.18032336906826674
esm_mlp,0.5,6.0,2.0,10.347797719633924,0.3433336720540264,23.62303993996346,0.18148193000295842
esm_mlp,0.5,8.0,2.0,10.347797719633924,0.34337773727557613,23.62303993996346,0.18148789307714056
esm_mlp,0.5,10.0,2.0,10.347797719633924,0.3433642938387946,23.62303993996346,0.18046188601420424
esm_mlp,0.5,12.0,2.0,10.347797719633924,0.3473611544406434,23.62303993996346,0.18032336906826674
esm_mlp,0.6,6.0,2.0,12.678804665582891,0.343253563805238,24.46906820034804,0.1814549634464428
esm_mlp,0.6,8.0,2.0,12.678804665582891,0.34328426691607666,24.46906820034804,0.18146073528618206
esm_mlp,0.6,10.0,2.0,12.678804665582891,0.3433444726789017,24.46906820034804,0.18046169477114868
esm_mlp,0.6,12.0,2.0,12.678804665582891,0.34733001608356556,24.46906820034804,0.1803231777821389
esm_mlp,0.7,6.0,2.0,13.409524535747037,0.3417139759104518,24.507623376904807,0.18084791288493518
esm_mlp,0.7,8.0,2.0,13.409524535747037,0.3417181466076163,24.507623376904807,0.1806410167816802
esm_mlp,0.7,10.0,2.0,13.409524535747037,0.3429011320200212,24.507623376904807,0.18010388645719647
esm_mlp,0.7,12.0,2.0,13.409524535747037,0.3472889530846253,24.507623376904807,0.18011902132249136
geometry_gnn,0.1,6.0,0.5,15.366195087572239,0.3153699303673711,14.520190202776684,0.26582487814954847
geometry_gnn,0.1,8.0,0.5,15.366195087572239,0.3157320349393648,14.520190202776684,0.26565911036956397
geometry_gnn,0.1,10.0,0.5,15.366195087572239,0.3151147906972355,14.520190202776684,0.266282055830679
geometry_gnn,0.1,12.0,0.5,15.366195087572239,0.3150345176405251,14.520190202776684,0.2663051659011381
geometry_gnn,0.2,6.0,0.5,29.338134115790353,0.20620475275643657,18.630514082311933,0.22323850180473417
geometry_gnn,0.2,8.0,0.5,29.338134115790353,0.20509754367641472,18.630514082311933,0.215759234317743
geometry_gnn,0.2,10.0,0.5,29.338134115790353,0.20324386334956232,18.630514082311933,0.21186842880884757
geometry_gnn,0.2,12.0,0.5,29.338134115790353,0.19957808577937175,18.630514082311933,0.21150137331266808
geometry_gnn,0.3,6.0,0.5,34.04494355068193,0.14862450733823593,21.809827762989137,0.17884524707219754
geometry_gnn,0.3,8.0,0.5,34.04494355068193,0.14287956800150245,21.809827762989137,0.17435188144815544
geometry_gnn,0.3,10.0,0.5,34.04494355068193,0.13780351564206592,21.809827762989137,0.17184654137826125
geometry_gnn,0.3,12.0,0.5,34.04494355068193,0.1368568421899082,21.809827762989137,0.17614205761890847
geometry_gnn,0.4,6.0,0.5,36.677982791028406,0.12332285957895837,24.46431466094189,0.15726792648218765
geometry_gnn,0.4,8.0,0.5,36.677982791028406,0.11009038290706542,24.46431466094189,0.1550855079723553
geometry_gnn,0.4,10.0,0.5,36.677982791028406,0.10491631813324431,24.46431466094189,0.1531537688016206
geometry_gnn,0.4,12.0,0.5,36.677982791028406,0.10583708909378742,24.46431466094189,0.1573045864573372
geometry_gnn,0.5,6.0,0.5,38.701484336203016,0.09686949040085586,26.143561301926603,0.14018888221311174
geometry_gnn,0.5,8.0,0.5,38.701484336203016,0.08214939764324984,26.143561301926603,0.13617255278438598
geometry_gnn,0.5,10.0,0.5,38.701484336203016,0.07780728354008057,26.143561301926603,0.13806624630078376
geometry_gnn,0.5,12.0,0.5,38.701484336203016,0.07861504543741675,26.143561301926603,0.13993143302842065
geometry_gnn,0.6,6.0,0.5,39.535410562622154,0.07670178110042368,28.127398028185493,0.12320122814833619
geometry_gnn,0.6,8.0,0.5,39.535410562622154,0.05806425715058189,28.127398028185493,0.11796038180011396
geometry_gnn,0.6,10.0,0.5,39.535410562622154,0.058722597839531265,28.127398028185493,0.1169729874205339
geometry_gnn,0.6,12.0,0.5,39.535410562622154,0.059334031563168556,28.127398028185493,0.11707958349526418
geometry_gnn,0.7,6.0,0.5,39.83568242679868,0.07078224043479911,30.540851789370606,0.11133070381526877
geometry_gnn,0.7,8.0,0.5,39.83568242679868,0.047309139511896255,30.540851789370606,0.10243361683163503
geometry_gnn,0.7,10.0,0.5,39.83568242679868,0.049781304947361514,30.540851789370606,0.10254203830991918
geometry_gnn,0.7,12.0,0.5,39.83568242679868,0.049972121120428925,30.540851789370606,0.1043256456257146
geometry_gnn,0.1,6.0,1.0,15.366195087572239,0.14015327343142192,14.520190202776684,0.1904986878446491
geometry_gnn,0.1,8.0,1.0,15.366195087572239,0.13943044020165027,14.520190202776684,0.1901885250765456
geometry_gnn,0.1,10.0,1.0,15.366195087572239,0.1358872462308726,14.520190202776684,0.19008571471122027
geometry_gnn,0.1,12.0,1.0,15.366195087572239,0.13556816511135078,14.520190202776684,0.1899761698699514
geometry_gnn,0.2,6.0,1.0,29.338134115790353,0.13615795477983875,18.630514082311933,0.18927462775935705
geometry_gnn,0.2,8.0,1.0,29.338134115790353,0.13603310894879422,18.630514082311933,0.18205060157627748
geometry_gnn,0.2,10.0,1.0,29.338134115790353,0.13370989296926059,18.630514082311933,0.1803164347328803
geometry_gnn,0.2,12.0,1.0,29.338134115790353,0.13187042906453472,18.630514082311933,0.17692902406180575
geometry_gnn,0.3,6.0,1.0,34.04494355068193,0.12831730899179528,21.809827762989137,0.17340484371292073
geometry_gnn,0.3,8.0,1.0,34.04494355068193,0.13062357837455468,21.809827762989137,0.1691777144435328
geometry_gnn,0.3,10.0,1.0,34.04494355068193,0.1679876219201635,21.809827762989137,0.16667556645834986
geometry_gnn,0.3,12.0,1.0,34.04494355068193,0.16644098003299732,21.809827762989137,0.1664591346334831
geometry_gnn,0.4,6.0,1.0,36.677982791028406,0.11522400556386553,24.46431466094189,0.16113803768115917
geometry_gnn,0.4,8.0,1.0,36.677982791028406,0.10594812364275887,24.46431466094189,0.16056848790962455
geometry_gnn,0.4,10.0,1.0,36.677982791028406,0.11981460006324922,24.46431466094189,0.15915459456637476
geometry_gnn,0.4,12.0,1.0,36.677982791028406,0.11972724402963562,24.46431466094189,0.1579936361034754
geometry_gnn,0.5,6.0,1.0,38.701484336203016,0.09018705699834188,26.143561301926603,0.14169577301457092
geometry_gnn,0.5,8.0,1.0,38.701484336203016,0.07644561188687667,26.143561301926603,0.13894592122274024
geometry_gnn,0.5,10.0,1.0,38.701484336203016,0.08376614940474843,26.143561301926603,0.13797165679729181
geometry_gnn,0.5,12.0,1.0,38.701484336203016,0.08388803925860872,26.143561301926603,0.1379985926651989
geometry_gnn,0.6,6.0,1.0,39.535410562622154,0.06944628488123351,28.127398028185493,0.12421794831789722
geometry_gnn,0.6,8.0,1.0,39.535410562622154,0.0518539388435481,28.127398028185493,0.1201034372418369
geometry_gnn,0.6,10.0,1.0,39.535410562622154,0.062437595744599894,28.127398028185493,0.11921712300972215
geometry_gnn,0.6,12.0,1.0,39.535410562622154,0.062398028511198265,28.127398028185493,0.1175477386780609
geometry_gnn,0.7,6.0,1.0,39.83568242679868,0.0635071674963997,30.540851789370606,0.11093509170895123
geometry_gnn,0.7,8.0,1.0,39.83568242679868,0.04124708052688488,30.540851789370606,0.1043981383261735
geometry_gnn,0.7,10.0,1.0,39.83568242679868,0.052847621483186065,30.540851789370606,0.10458963895795875
geometry_gnn,0.7,12.0,1.0,39.83568242679868,0.05237199643526317,30.540851789370606,0.1045970739823362
geometry_gnn,0.1,6.0,1.5,15.366195087572239,0.09129549302467717,14.520190202776684,0.1688834650728821
geometry_gnn,0.1,8.0,1.5,15.366195087572239,0.09125146027178466,14.520190202776684,0.16888250458345952
geometry_gnn,0.1,10.0,1.5,15.366195087572239,0.08995908032036888,14.520190202776684,0.16880063795193215
geometry_gnn,0.1,12.0,1.5,15.366195087572239,0.0899925386542227,14.520190202776684,0.16880212353000007
geometry_gnn,0.2,6.0,1.5,29.338134115790353,0.09125546914856826,18.630514082311933,0.16888282643584446
geometry_gnn,0.2,8.0,1.5,29.338134115790353,0.09119807518425897,18.630514082311933,0.1688816530391104
geometry_gnn,0.2,10.0,1.5,29.338134115790353,0.08990538327121927,18.630514082311933,0.16879978635098414
geometry_gnn,0.2,12.0,1.5,29.338134115790353,0.08993880610306222,18.630514082311933,0.16880127144541476
geometry_gnn,0.3,6.0,1.5,34.04494355068193,0.09122878368679847,21.809827762989137,0.16719932475234278
geometry_gnn,0.3,8.0,1.5,34.04494355068193,0.0905721569563515,21.809827762989137,0.16667683630798547
geometry_gnn,0.3,10.0,1.5,34.04494355068193,0.18839289194919648,21.809827762989137,0.16590509637862969
geometry_gnn,0.3,12.0,1.5,34.04494355068193,0.18361732394773214,21.809827762989137,0.16590658147306028
geometry_gnn,0.4,6.0,1.5,36.677982791028406,0.09121544009249266,24.46431466094189,0.16551582306884108
geometry_gnn,0.4,8.0,1.5,36.677982791028406,0.09038484936393776,24.46431466094189,0.16355218042324957
geometry_gnn,0.4,10.0,1.5,36.677982791028406,0.18019653409650185,24.46431466094189,0.16301918459401124
geometry_gnn,0.4,12.0,1.5,36.677982791028406,0.17612349517428463,24.46431466094189,0.16302066968844187
geometry_gnn,0.5,6.0,1.5,38.701484336203016,0.09120209592252326,26.143561301926603,0.16551561016152957
geometry_gnn,0.5,8.0,1.5,38.701484336203016,0.08416079104964495,26.143561301926603,0.1617141809497398
geometry_gnn,0.5,10.0,1.5,38.701484336203016,0.13343377495738978,26.143561301926603,0.16169322305046419
geometry_gnn,0.5,12.0,1.5,38.701484336203016,0.1320322274282611,26.143561301926603,0.1616947081448948
geometry_gnn,0.6,6.0,1.5,39.535410562622154,0.09115732763540853,28.127398028185493,0.1653424433596446
geometry_gnn,0.6,8.0,1.5,39.535410562622154,0.077993221271664,28.127398028185493,0.16089496986287324
geometry_gnn,0.6,10.0,1.5,39.535410562622154,0.1188913644881782,28.127398028185493,0.16106632809435226
geometry_gnn,0.6,12.0,1.5,39.535410562622154,0.11771591405642422,28.127398028185493,0.16106652670771723
geometry_gnn,0.7,6.0,1.5,39.83568242679868,0.08979452566036165,30.540851789370606,0.16523369421759895
geometry_gnn,0.7,8.0,1.5,39.83568242679868,0.07176753245897456,30.540851789370606,0.15698306936290807
geometry_gnn,0.7,10.0,1.5,39.83568242679868,0.10828109733477921,30.540851789370606,0.15731914351252135
geometry_gnn,0.7,12.0,1.5,39.83568242679868,0.10633171785368174,30.540851789370606,0.15730768094239242
geometry_gnn,0.1,6.0,2.0,15.366195087572239,0.12460781018899891,14.520190202776684,0.1756769706822465
geometry_gnn,0.1,8.0,2.0,15.366195087572239,0.12461447669337138,14.520190202776684,0.17567699907565007
geometry_gnn,0.1,10.0,2.0,15.366195087572239,0.1247110424668153,14.520190202776684,0.17568111979134254
geometry_gnn,0.1,12.0,2.0,15.366195087572239,0.1247205779500689,14.520190202776684,0.17568116873875783
geometry_gnn,0.2,6.0,2.0,29.338134115790353,0.12459131091451348,18.630514082311933,0.17567672374029733
geometry_gnn,0.2,8.0,2.0,29.338134115790353,0.12458146750775674,18.630514082311933,0.1756765051729219
geometry_gnn,0.2,10.0,2.0,29.338134115790353,0.12467789145882857,18.630514082311933,0.1756806258705296
geometry_gnn,0.2,12.0,2.0,29.338134115790353,0.124687412940072,18.630514082311933,0.175680674727501
geometry_gnn,0.3,6.0,2.0,34.04494355068193,0.12459131091451348,21.809827762989137,0.17567672374029733
geometry_gnn,0.3,8.0,2.0,34.04494355068193,0.12446756498585411,21.809827762989137,0.17528339758480574
geometry_gnn,0.3,10.0,2.0,34.04494355068193,0.12443081132586076,21.809827762989137,0.17385152474429896
geometry_gnn,0.3,12.0,2.0,34.04494355068193,0.12444022915186227,21.809827762989137,0.17385157360127038
geometry_gnn,0.4,6.0,2.0,36.677982791028406,0.12459131091451348,24.46431466094189,0.17567672374029733
geometry_gnn,0.4,8.0,2.0,36.677982791028406,0.12433543730519893,24.46431466094189,0.17384781690658832
geometry_gnn,0.4,10.0,2.0,36.677982791028406,0.12436444296636291,24.46431466094189,0.17268039313838474
geometry_gnn,0.4,12.0,2.0,36.677982791028406,0.12437383273136333,24.46431466094189,0.17268044199535615
geometry_gnn,0.5,6.0,2.0,38.701484336203016,0.12457481079583788,26.143561301926603,0.1756764767795184
geometry_gnn,0.5,8.0,2.0,38.701484336203016,0.12426935316616224,26.143561301926603,0.1726766853006741
geometry_gnn,0.5,10.0,2.0,38.701484336203016,0.12436444296636291,26.143561301926603,0.17268039313838474
geometry_gnn,0.5,12.0,2.0,38.701484336203016,0.12437383273136333,26.143561301926603,0.17268044199535615
geometry_gnn,0.6,6.0,2.0,39.535410562622154,0.12447579235216229,28.127398028185493,0.1756749946193008
geometry_gnn,0.6,8.0,2.0,39.535410562622154,0.12400488118822899,28.127398028185493,0.17267273136561534
geometry_gnn,0.6,10.0,2.0,39.535410562622154,0.12406561628554132,28.127398028185493,0.17267594445901382
geometry_gnn,0.6,12.0,2.0,39.535410562622154,0.12397516702218385,28.127398028185493,0.17267450797716785
geometry_gnn,0.7,6.0,2.0,39.83568242679868,0.12295678020820151,30.540851789370606,0.17565223619740886
geometry_gnn,0.7,8.0,2.0,39.83568242679868,0.12165105083780854,30.540851789370606,0.16928394772122013
geometry_gnn,0.7,10.0,2.0,39.83568242679868,0.12160096063157506,30.540851789370606,0.16928566196624606
geometry_gnn,0.7,12.0,2.0,39.83568242679868,0.12097220216378851,30.540851789370606,0.16927622219815588
coordinate_residual,0.1,6.0,0.5,25.82205828948158,0.0014034173936947494,24.26296261044479,0.012519238183227538
coordinate_residual,0.1,8.0,0.5,25.82205828948158,0.0014034173936947494,24.26296261044479,0.012519238183227538
coordinate_residual,0.1,10.0,0.5,25.82205828948158,0.0014034173936947494,24.26296261044479,0.012519238183227538
coordinate_residual,0.1,12.0,0.5,25.82205828948158,0.0014034173936947494,24.26296261044479,0.012519238183227538
coordinate_residual,0.2,6.0,0.5,41.81723806544413,0.0014034173936947494,35.00828020300222,0.012519238183227538
coordinate_residual,0.2,8.0,0.5,41.81723806544413,0.0014034173936947494,35.00828020300222,0.012519238183227538
coordinate_residual,0.2,10.0,0.5,41.81723806544413,0.0014034173936947494,35.00828020300222,0.012519238183227538
coordinate_residual,0.2,12.0,0.5,41.81723806544413,0.0014034173936947494,35.00828020300222,0.012519238183227538
coordinate_residual,0.3,6.0,0.5,41.83666418892991,0.0014034173936947494,35.63198023004365,0.012519238183227538
coordinate_residual,0.3,8.0,0.5,41.83666418892991,0.0014034173936947494,35.63198023004365,0.012519238183227538
coordinate_residual,0.3,10.0,0.5,41.83666418892991,0.0014034173936947494,35.63198023004365,0.012519238183227538
coordinate_residual,0.3,12.0,0.5,41.83666418892991,0.0014034173936947494,35.63198023004365,0.012519238183227538
coordinate_residual,0.4,6.0,0.5,41.83867941780868,0.0014034173936947494,35.65189474521123,0.012519238183227538
coordinate_residual,0.4,8.0,0.5,41.83867941780868,0.0014034173936947494,35.65189474521123,0.012519238183227538
coordinate_residual,0.4,10.0,0.5,41.83867941780868,0.0014034173936947494,35.65189474521123,0.012519238183227538
coordinate_residual,0.4,12.0,0.5,41.83867941780868,0.0014034173936947494,35.65189474521123,0.012519238183227538
coordinate_residual,0.5,6.0,0.5,41.83867941780868,0.0014034173936947494,35.65189474521123,0.012519238183227538
coordinate_residual,0.5,8.0,0.5,41.83867941780868,0.0014034173936947494,35.65189474521123,0.012519238183227538
coordinate_residual,0.5,10.0,0.5,41.83867941780868,0.0014034173936947494,35.65189474521123,0.012519238183227538
coordinate_residual,0.5,12.0,0.5,41.83867941780868,0.0014034173936947494,35.65189474521123,0.012519238183227538
coordinate_residual,0.6,6.0,0.5,41.83867941780868,0.0014034173936947494,35.65189474521123,0.012519238183227538
coordinate_residual,0.6,8.0,0.5,41.83867941780868,0.0014034173936947494,35.65189474521123,0.012519238183227538
coordinate_residual,0.6,10.0,0.5,41.83867941780868,0.0014034173936947494,35.65189474521123,0.012519238183227538
coordinate_residual,0.6,12.0,0.5,41.83867941780868,0.0014034173936947494,35.65189474521123,0.012519238183227538
coordinate_residual,0.7,6.0,0.5,41.83867941780868,0.0014034173936947494,35.65189474521123,0.012519238183227538
coordinate_residual,0.7,8.0,0.5,41.83867941780868,0.0014034173936947494,35.65189474521123,0.012519238183227538
coordinate_residual,0.7,10.0,0.5,41.83867941780868,0.0014034173936947494,35.65189474521123,0.012519238183227538
coordinate_residual,0.7,12.0,0.5,41.83867941780868,0.0014034173936947494,35.65189474521123,0.012519238183227538
coordinate_residual,0.1,6.0,1.0,25.82205828948158,0.01747883973259352,24.26296261044479,0.07040410299409966
coordinate_residual,0.1,8.0,1.0,25.82205828948158,0.01747883973259352,24.26296261044479,0.07040410299409966
coordinate_residual,0.1,10.0,1.0,25.82205828948158,0.01747883973259352,24.26296261044479,0.07040410299409966
coordinate_residual,0.1,12.0,1.0,25.82205828948158,0.01747883973259352,24.26296261044479,0.07040410299409966
coordinate_residual,0.2,6.0,1.0,41.81723806544413,0.01747883973259352,35.00828020300222,0.07040410299409966
coordinate_residual,0.2,8.0,1.0,41.81723806544413,0.01747883973259352,35.00828020300222,0.07040410299409966
coordinate_residual,0.2,10.0,1.0,41.81723806544413,0.01747883973259352,35.00828020300222,0.07040410299409966
coordinate_residual,0.2,12.0,1.0,41.81723806544413,0.01747883973259352,35.00828020300222,0.07040410299409966
coordinate_residual,0.3,6.0,1.0,41.83666418892991,0.01747883973259352,35.63198023004365,0.07040410299409966
coordinate_residual,0.3,8.0,1.0,41.83666418892991,0.01747883973259352,35.63198023004365,0.07040410299409966
coordinate_residual,0.3,10.0,1.0,41.83666418892991,0.01747883973259352,35.63198023004365,0.07040410299409966
coordinate_residual,0.3,12.0,1.0,41.83666418892991,0.01747883973259352,35.63198023004365,0.07040410299409966
coordinate_residual,0.4,6.0,1.0,41.83867941780868,0.01747883973259352,35.65189474521123,0.07040410299409966
coordinate_residual,0.4,8.0,1.0,41.83867941780868,0.01747883973259352,35.65189474521123,0.07040410299409966
coordinate_residual,0.4,10.0,1.0,41.83867941780868,0.01747883973259352,35.65189474521123,0.07040410299409966
coordinate_residual,0.4,12.0,1.0,41.83867941780868,0.01747883973259352,35.65189474521123,0.07040410299409966
coordinate_residual,0.5,6.0,1.0,41.83867941780868,0.01747883973259352,35.65189474521123,0.07040410299409966
coordinate_residual,0.5,8.0,1.0,41.83867941780868,0.01747883973259352,35.65189474521123,0.07040410299409966
coordinate_residual,0.5,10.0,1.0,41.83867941780868,0.01747883973259352,35.65189474521123,0.07040410299409966
coordinate_residual,0.5,12.0,1.0,41.83867941780868,0.01747883973259352,35.65189474521123,0.07040410299409966
coordinate_residual,0.6,6.0,1.0,41.83867941780868,0.01747883973259352,35.65189474521123,0.07040410299409966
coordinate_residual,0.6,8.0,1.0,41.83867941780868,0.01747883973259352,35.65189474521123,0.07040410299409966
coordinate_residual,0.6,10.0,1.0,41.83867941780868,0.01747883973259352,35.65189474521123,0.07040410299409966
coordinate_residual,0.6,12.0,1.0,41.83867941780868,0.01747883973259352,35.65189474521123,0.07040410299409966
coordinate_residual,0.7,6.0,1.0,41.83867941780868,0.01747883973259352,35.65189474521123,0.07040410299409966
coordinate_residual,0.7,8.0,1.0,41.83867941780868,0.01747883973259352,35.65189474521123,0.07040410299409966
coordinate_residual,0.7,10.0,1.0,41.83867941780868,0.01747883973259352,35.65189474521123,0.07040410299409966
coordinate_residual,0.7,12.0,1.0,41.83867941780868,0.01747883973259352,35.65189474521123,0.07040410299409966
coordinate_residual,0.1,6.0,1.5,25.82205828948158,0.04433887569279493,24.26296261044479,0.12092261506407453
coordinate_residual,0.1,8.0,1.5,25.82205828948158,0.04433887569279493,24.26296261044479,0.12092261506407453
coordinate_residual,0.1,10.0,1.5,25.82205828948158,0.04433887569279493,24.26296261044479,0.12092261506407453
coordinate_residual,0.1,12.0,1.5,25.82205828948158,0.04433887569279493,24.26296261044479,0.12092261506407453
coordinate_residual,0.2,6.0,1.5,41.81723806544413,0.04433887569279493,35.00828020300222,0.12092261506407453
coordinate_residual,0.2,8.0,1.5,41.81723806544413,0.04433887569279493,35.00828020300222,0.12092261506407453
coordinate_residual,0.2,10.0,1.5,41.81723806544413,0.04433887569279493,35.00828020300222,0.12092261506407453
coordinate_residual,0.2,12.0,1.5,41.81723806544413,0.04433887569279493,35.00828020300222,0.12092261506407453
coordinate_residual,0.3,6.0,1.5,41.83666418892991,0.04433887569279493,35.63198023004365,0.12092261506407453
coordinate_residual,0.3,8.0,1.5,41.83666418892991,0.04433887569279493,35.63198023004365,0.12092261506407453
coordinate_residual,0.3,10.0,1.5,41.83666418892991,0.04433887569279493,35.63198023004365,0.12092261506407453
coordinate_residual,0.3,12.0,1.5,41.83666418892991,0.04433887569279493,35.63198023004365,0.12092261506407453
coordinate_residual,0.4,6.0,1.5,41.83867941780868,0.04433887569279493,35.65189474521123,0.12092261506407453
coordinate_residual,0.4,8.0,1.5,41.83867941780868,0.04433887569279493,35.65189474521123,0.12092261506407453
coordinate_residual,0.4,10.0,1.5,41.83867941780868,0.04433887569279493,35.65189474521123,0.12092261506407453
coordinate_residual,0.4,12.0,1.5,41.83867941780868,0.04433887569279493,35.65189474521123,0.12092261506407453
coordinate_residual,0.5,6.0,1.5,41.83867941780868,0.04433887569279493,35.65189474521123,0.12092261506407453
coordinate_residual,0.5,8.0,1.5,41.83867941780868,0.04433887569279493,35.65189474521123,0.12092261506407453
coordinate_residual,0.5,10.0,1.5,41.83867941780868,0.04433887569279493,35.65189474521123,0.12092261506407453
coordinate_residual,0.5,12.0,1.5,41.83867941780868,0.04433887569279493,35.65189474521123,0.12092261506407453
coordinate_residual,0.6,6.0,1.5,41.83867941780868,0.04433887569279493,35.65189474521123,0.12092261506407453
coordinate_residual,0.6,8.0,1.5,41.83867941780868,0.04433887569279493,35.65189474521123,0.12092261506407453
coordinate_residual,0.6,10.0,1.5,41.83867941780868,0.04433887569279493,35.65189474521123,0.12092261506407453
coordinate_residual,0.6,12.0,1.5,41.83867941780868,0.04433887569279493,35.65189474521123,0.12092261506407453
coordinate_residual,0.7,6.0,1.5,41.83867941780868,0.04433887569279493,35.65189474521123,0.12092261506407453
coordinate_residual,0.7,8.0,1.5,41.83867941780868,0.04433887569279493,35.65189474521123,0.12092261506407453
coordinate_residual,0.7,10.0,1.5,41.83867941780868,0.04433887569279493,35.65189474521123,0.12092261506407453
coordinate_residual,0.7,12.0,1.5,41.83867941780868,0.04433887569279493,35.65189474521123,0.12092261506407453
coordinate_residual,0.1,6.0,2.0,25.82205828948158,0.10481619286766009,24.26296261044479,0.15701098491889603
coordinate_residual,0.1,8.0,2.0,25.82205828948158,0.10481619286766009,24.26296261044479,0.15701098491889603
coordinate_residual,0.1,10.0,2.0,25.82205828948158,0.10481619286766009,24.26296261044479,0.15701098491889603
coordinate_residual,0.1,12.0,2.0,25.82205828948158,0.10481619286766009,24.26296261044479,0.15701098491889603
coordinate_residual,0.2,6.0,2.0,41.81723806544413,0.10481619286766009,35.00828020300222,0.15701098491889603
coordinate_residual,0.2,8.0,2.0,41.81723806544413,0.10481619286766009,35.00828020300222,0.15701098491889603
coordinate_residual,0.2,10.0,2.0,41.81723806544413,0.10481619286766009,35.00828020300222,0.15701098491889603
coordinate_residual,0.2,12.0,2.0,41.81723806544413,0.10481619286766009,35.00828020300222,0.15701098491889603
coordinate_residual,0.3,6.0,2.0,41.83666418892991,0.10481619286766009,35.63198023004365,0.15701098491889603
coordinate_residual,0.3,8.0,2.0,41.83666418892991,0.10481619286766009,35.63198023004365,0.15701098491889603
coordinate_residual,0.3,10.0,2.0,41.83666418892991,0.10481619286766009,35.63198023004365,0.15701098491889603
coordinate_residual,0.3,12.0,2.0,41.83666418892991,0.10481619286766009,35.63198023004365,0.15701098491889603
coordinate_residual,0.4,6.0,2.0,41.83867941780868,0.10481619286766009,35.65189474521123,0.15701098491889603
coordinate_residual,0.4,8.0,2.0,41.83867941780868,0.10481619286766009,35.65189474521123,0.15701098491889603
coordinate_residual,0.4,10.0,2.0,41.83867941780868,0.10481619286766009,35.65189474521123,0.15701098491889603
coordinate_residual,0.4,12.0,2.0,41.83867941780868,0.10481619286766009,35.65189474521123,0.15701098491889603
coordinate_residual,0.5,6.0,2.0,41.83867941780868,0.10481619286766009,35.65189474521123,0.15701098491889603
coordinate_residual,0.5,8.0,2.0,41.83867941780868,0.10481619286766009,35.65189474521123,0.15701098491889603
coordinate_residual,0.5,10.0,2.0,41.83867941780868,0.10481619286766009,35.65189474521123,0.15701098491889603
coordinate_residual,0.5,12.0,2.0,41.83867941780868,0.10481619286766009,35.65189474521123,0.15701098491889603
coordinate_residual,0.6,6.0,2.0,41.83867941780868,0.10481619286766009,35.65189474521123,0.15701098491889603
coordinate_residual,0.6,8.0,2.0,41.83867941780868,0.10481619286766009,35.65189474521123,0.15701098491889603
coordinate_residual,0.6,10.0,2.0,41.83867941780868,0.10481619286766009,35.65189474521123,0.15701098491889603
coordinate_residual,0.6,12.0,2.0,41.83867941780868,0.10481619286766009,35.65189474521123,0.15701098491889603
coordinate_residual,0.7,6.0,2.0,41.83867941780868,0.10481619286766009,35.65189474521123,0.15701098491889603
coordinate_residual,0.7,8.0,2.0,41.83867941780868,0.10481619286766009,35.65189474521123,0.15701098491889603
coordinate_residual,0.7,10.0,2.0,41.83867941780868,0.10481619286766009,35.65189474521123,0.15701098491889603
coordinate_residual,0.7,12.0,2.0,41.83867941780868,0.10481619286766009,35.65189474521123,0.15701098491889603
base_v5,0.05,4.0,0.1,4.996804501113781,0.3276218961916647,12.336573925646345,0.2874589432154722
zero_response,0.05,4.0,0.1,41.83867941780868,0.0,35.65189474521123,0.0
global_mean,0.05,4.0,0.1,3.9862994597145396,0.32869533259830946,12.651563737172527,0.2872064892843073
shell_mean,0.05,4.0,0.1,3.9862994597145396,0.32869533259830946,12.651563737172527,0.2872064892843073
mutation_type_shell_mean,0.05,4.0,0.1,27.96785274181626,0.21541291616149041,22.290392620957387,0.21626013339073707
esm_mlp,0.05,4.0,0.1,4.781752925224949,0.3283338744399031,12.170421844998254,0.28312315865729637
geometry_gnn,0.05,4.0,0.1,7.641750659672169,0.32740220993354935,13.246451290441225,0.2809204016403451
coordinate_residual,0.05,4.0,0.1,11.655471645472078,0.31803009764268814,13.331871933293627,0.27629736817725487
