factor,group,metric,reference,candidate,n_common_clusters,mean_diff,median_diff,bootstrap_ci_low,bootstrap_ci_high,wilcoxon_p,n_clusters_improved,n_clusters_worsened,fraction_clusters_improved,weighted_mean_diff_by_n_samples,weighted_mean_diff_by_n_residues
exposure_group,exposed,global_mae,shell_mean,base_v5,54,-0.1185757220424588,-0.147070057285792,-0.15735361017046717,-0.07823674630144424,4.357658289139148e-06,41,13,0.7592592592592593,-0.025169770701524652,-0.01728529074893212
exposure_group,exposed,shell_mae,shell_mean,base_v5,54,-0.09862434149905083,-0.10343657719737533,-0.14224456999872595,-0.05354316400739214,8.783365476729949e-05,42,12,0.7777777777777778,-0.025207870021000375,-0.02199558213290735
exposure_group,exposed,mae_shell_0,shell_mean,base_v5,54,-0.1341593630717307,-0.13933953891197837,-0.22420197944921447,-0.04373614384064007,0.007507038881470336,36,18,0.6666666666666666,-0.03158752677980639,-0.03748869994535187
exposure_group,exposed,mae_shell_1,shell_mean,base_v5,54,-0.07811486090244532,-0.0799418330192565,-0.12794076284637093,-0.028246866351335897,0.0020234875371977377,38,16,0.7037037037037037,-0.01946439626750037,-0.023634715603651768
exposure_group,exposed,mae_shell_2,shell_mean,base_v5,54,-0.08040741638212477,-0.11484044287970974,-0.12116576768221204,-0.038537300564596685,0.00038272927847692083,40,14,0.7407407407407407,-0.02773907275119653,-0.018446244010777674
exposure_group,exposed,mae_shell_3,shell_mean,base_v5,54,-0.07100098091441577,-0.08968304993426489,-0.10861165891887559,-0.03194562026407184,0.0007974455362673878,40,14,0.7407407407407407,-0.02174150414486852,-0.014609642804960325
exposure_group,exposed,mae_shell_4,shell_mean,base_v5,54,-0.12943908622453748,-0.15335587664921346,-0.16995512839273302,-0.08765896580000473,2.3272879858407235e-06,41,13,0.7592592592592593,-0.025506850161630186,-0.015798608299795243
exposure_group,exposed,perturbed_auroc,shell_mean,base_v5,50,0.26578019194235475,0.2948410431382182,0.21414572804990029,0.3122738279500916,8.060396794462577e-11,47,3,0.94,0.3160362390602891,0.31261055309105773
exposure_group,exposed,perturbed_auprc,shell_mean,base_v5,50,0.2849439633015349,0.24809354798683697,0.21816177827296304,0.35713199444301574,5.610267805877811e-11,46,4,0.92,0.23683780671016438,0.23162488117781374
exposure_group,exposed,radius_mae,shell_mean,base_v5,54,-10.513597715403773,0.0,-18.437345779646083,-3.9389962218851986,0.00019028782844543457,23,3,0.42592592592592593,-7.5685095019615005,-7.45243768454699
exposure_group,exposed,class_correct,shell_mean,base_v5,54,0.1925088888682966,0.0,0.06853991029029602,0.32056579124663365,0.007853719853907468,19,6,0.35185185185185186,0.17122074636306137,0.17739207410800933
exposure_group,exposed,class_macro_f1,shell_mean,base_v5,54,0.06416962962276553,0.0,0.02284663676343201,0.10685526374887787,0.007853719853907468,19,6,0.35185185185185186,0.05707358212102045,0.059130691369336436
exposure_group,exposed,non_local_f1,shell_mean,base_v5,54,0.27216270424670985,0.0,0.1676015653407026,0.38164135963713597,4.7934175237965156e-05,21,0,0.3888888888888889,0.20638836179633144,0.1940850277791167
exposure_group,exposed,non_local_recall,shell_mean,base_v5,50,0.32508000068441206,0.0,0.2055325521617849,0.4508892833974703,3.6337671742435264e-05,21,0,0.42,0.21622158902657213,0.1995116340232848
exposure_group,buried,global_mae,shell_mean,base_v5,78,-0.14217074923914255,-0.14974686323717845,-0.17779521998193715,-0.10635933199623297,3.753163537781981e-09,62,16,0.7948717948717948,0.007131651129495407,0.006999617321699291
exposure_group,buried,shell_mae,shell_mean,base_v5,78,-0.15492678837100596,-0.1977431309793123,-0.1966438759461318,-0.11310034320259735,1.9565683336593595e-08,60,18,0.7692307692307693,-0.05615574837295642,-0.0662930355451485
exposure_group,buried,mae_shell_0,shell_mean,base_v5,78,-0.2674334376912205,-0.4230572328937274,-0.34465398898406735,-0.1860800165232782,4.996542395465486e-08,59,19,0.7564102564102564,-0.22027965782833211,-0.24994332672751338
exposure_group,buried,mae_shell_1,shell_mean,base_v5,78,-0.14311029827421987,-0.16815321017338922,-0.18839214474137392,-0.09748566622987045,4.237786184501671e-07,59,19,0.7564102564102564,-0.07189269159000768,-0.09044821761188639
exposure_group,buried,mae_shell_2,shell_mean,base_v5,78,-0.11608985862004609,-0.12547845050277895,-0.15413195551568068,-0.07711988531106598,6.415778336149076e-07,58,20,0.7435897435897436,-0.014988245133985409,-0.018650464062028586
exposure_group,buried,mae_shell_3,shell_mean,base_v5,78,-0.09759102042859795,-0.1162418750520309,-0.12883294720697033,-0.06608456739779427,5.084703763208523e-07,54,24,0.6923076923076923,0.008841568256828409,0.008174531307890824
exposure_group,buried,mae_shell_4,shell_mean,base_v5,78,-0.15040932684094535,-0.15516305923830248,-0.18661598016977599,-0.1137197567661847,2.380814289146516e-09,64,14,0.8205128205128205,0.017540284430714655,0.01940229936779508
exposure_group,buried,perturbed_auroc,shell_mean,base_v5,71,0.2505744214454215,0.24010327022375222,0.21839245421535713,0.28207475702591495,5.438634666872688e-13,67,4,0.9436619718309859,0.24227043986230712,0.24085273394258086
exposure_group,buried,perturbed_auprc,shell_mean,base_v5,71,0.2020985506972946,0.19051921838860297,0.16574738343180842,0.23955983375797926,3.2739520452310296e-13,70,1,0.9859154929577465,0.20282324492122242,0.2074990373059762
exposure_group,buried,radius_mae,shell_mean,base_v5,78,-7.238887284313898,0.0,-11.894279419983732,-3.002569314174137,0.00016617774963378906,24,2,0.3076923076923077,-18.262054073866288,-19.896077899091562
exposure_group,buried,class_correct,shell_mean,base_v5,78,0.09586815974807072,0.0,-0.0015043032896577496,0.19390787874233326,0.07838554030717196,17,10,0.21794871794871795,0.5023698253289582,0.5387214121111304
exposure_group,buried,class_macro_f1,shell_mean,base_v5,78,0.03195605324935691,0.0,-0.0005014344298859172,0.06463595958077775,0.07838554030717196,17,10,0.21794871794871795,0.16745660844298604,0.17957380403704346
exposure_group,buried,non_local_f1,shell_mean,base_v5,78,0.17733789030086042,0.0,0.10359390780901351,0.25903337624022976,0.00016879601929548985,18,0,0.23076923076923078,0.5065128766033609,0.5434169511151575
exposure_group,buried,non_local_recall,shell_mean,base_v5,72,0.2015315909319945,0.0,0.11840399133111854,0.29345616474927044,0.00013096728661823412,18,0,0.25,0.5164233576642335,0.5542552217607797
substitution_size_group,small_to_large,global_mae,shell_mean,base_v5,45,-0.13862028666955886,-0.15225136430273659,-0.18200948591121746,-0.0948262087887689,5.778346121587674e-07,35,10,0.7777777777777778,-0.04055133016869149,-0.0306355662704334
substitution_size_group,small_to_large,shell_mae,shell_mean,base_v5,45,-0.13221512923303977,-0.1680793363961331,-0.18186601798729707,-0.08135341074256869,1.530477157984933e-05,35,10,0.7777777777777778,-0.06023840485891417,-0.054133801202697035
substitution_size_group,small_to_large,mae_shell_0,shell_mean,base_v5,45,-0.1768179288672136,-0.1929213404655456,-0.2682002343981749,-0.08278097034076178,0.0009013545463858463,32,13,0.7111111111111111,-0.12690406357100484,-0.12339497500680237
substitution_size_group,small_to_large,mae_shell_1,shell_mean,base_v5,45,-0.12094298739280274,-0.13820767775177956,-0.17482752628335388,-0.06640183022344003,0.00010085229104106475,35,10,0.7777777777777778,-0.05727730457010739,-0.05462591820487307
substitution_size_group,small_to_large,mae_shell_2,shell_mean,base_v5,45,-0.11880778080197579,-0.12413720587889354,-0.16230032974429068,-0.07568047229398665,6.539435844388208e-06,35,10,0.7777777777777778,-0.04246336993846583,-0.03733107970725513
substitution_size_group,small_to_large,mae_shell_3,shell_mean,base_v5,45,-0.09481877302599487,-0.11179511062800884,-0.13516666964192506,-0.05340441007635346,4.066733583840687e-05,33,12,0.7333333333333333,-0.03604803050751621,-0.02774365167760594
substitution_size_group,small_to_large,mae_shell_4,shell_mean,base_v5,45,-0.14968817607721163,-0.14781680944520162,-0.1949315598650877,-0.10406395831850412,3.541444471011346e-07,36,9,0.8,-0.03849925570747661,-0.02757338141694867
substitution_size_group,small_to_large,perturbed_auroc,shell_mean,base_v5,43,0.22854996291927793,0.23920679060006433,0.18027508533906828,0.2681787722827894,2.2639596863882616e-09,42,1,0.9767441860465116,0.32311222695616554,0.3191724382844883
substitution_size_group,small_to_large,perturbed_auprc,shell_mean,base_v5,43,0.22194768634257211,0.22534943141382724,0.1600351356256325,0.2882888253026376,9.799805411603302e-10,41,2,0.9534883720930233,0.22687350730720646,0.22362590314579506
substitution_size_group,small_to_large,radius_mae,shell_mean,base_v5,45,-13.368525241866822,0.0,-22.983485971612783,-5.547055278042861,0.0013427734375,15,2,0.3333333333333333,-7.455885135173315,-8.137881830208757
substitution_size_group,small_to_large,class_correct,shell_mean,base_v5,45,0.1908644222173279,0.0,0.06890541405878835,0.31958768070541255,0.006909200037091757,14,2,0.3111111111111111,0.17863475177304963,0.1843834676878274
substitution_size_group,small_to_large,class_macro_f1,shell_mean,base_v5,45,0.06362147407244265,0.0,0.022968471352929447,0.10652922690180419,0.006909200037091757,14,2,0.3111111111111111,0.05954491725768322,0.061461155895942456
substitution_size_group,small_to_large,non_local_f1,shell_mean,base_v5,45,0.24615599007100938,0.0,0.13535207811662028,0.3678189339105608,0.0005670375762707221,15,0,0.3333333333333333,0.18585359675785207,0.19011528758317384
substitution_size_group,small_to_large,non_local_recall,shell_mean,base_v5,42,0.298468281264238,0.0,0.1673234811165846,0.433060508959914,0.00035727473811722016,15,0,0.35714285714285715,0.1905225576111652,0.1945591791461215
substitution_size_group,large_to_small,global_mae,shell_mean,base_v5,75,-0.1449382623117547,-0.1526415964895828,-0.18088367667144084,-0.10764376823380858,4.737560173223049e-09,60,15,0.8,0.015270374015150804,0.014154403641061786
substitution_size_group,large_to_small,shell_mae,shell_mean,base_v5,75,-0.15559328212552254,-0.17839072684307275,-0.19706463694726783,-0.11283795914301738,2.2432705420241743e-08,61,14,0.8133333333333334,-0.03771710068314046,-0.0493770756497809
substitution_size_group,large_to_small,mae_shell_0,shell_mean,base_v5,75,-0.26615802134927513,-0.3922528096923122,-0.3471124106288041,-0.1791796890910747,1.2879188101747895e-07,59,16,0.7866666666666666,-0.17019510167535157,-0.20498796162189567
substitution_size_group,large_to_small,mae_shell_1,shell_mean,base_v5,75,-0.14172252919900113,-0.16644483187368941,-0.1877647401078546,-0.09434357509234,9.065107008651066e-07,57,18,0.76,-0.052003641726093376,-0.07420530139904938
substitution_size_group,large_to_small,mae_shell_2,shell_mean,base_v5,75,-0.11761832650424338,-0.13846687808338748,-0.15533408178612035,-0.07855556953786232,7.708707711586435e-07,54,21,0.72,-0.0072133576707899836,-0.008633366258618614
substitution_size_group,large_to_small,mae_shell_3,shell_mean,base_v5,75,-0.0994695829365777,-0.1155741241683364,-0.1314014174035626,-0.06733010491665514,6.729769600269054e-07,57,18,0.76,0.016393296199023858,0.01518606993593028
substitution_size_group,large_to_small,mae_shell_4,shell_mean,base_v5,75,-0.1529979506385152,-0.15706858373506893,-0.18947036017067018,-0.1155734733153521,3.6708343411674816e-09,63,12,0.84,0.024433301457508952,0.025755181094729015
substitution_size_group,large_to_small,perturbed_auroc,shell_mean,base_v5,69,0.2782854988425152,0.2912829907464517,0.2460377238829229,0.31002286172509586,1.0490408942546125e-12,65,4,0.9420289855072463,0.23768043637187933,0.23705943199796847
substitution_size_group,large_to_small,perturbed_auprc,shell_mean,base_v5,69,0.2364345779364551,0.22514815036919616,0.19758357174094524,0.277348312825369,1.0955552561490413e-12,67,2,0.9710144927536232,0.20767361604303236,0.21160129824203128
substitution_size_group,large_to_small,radius_mae,shell_mean,base_v5,75,-4.752741708771549,0.0,-8.23088650916535,-1.577825656967716,0.00010570138692855835,25,3,0.3333333333333333,-18.320599273344936,-19.56590323956556
substitution_size_group,large_to_small,class_correct,shell_mean,base_v5,75,0.08809034122452178,0.0,-0.006496607966441301,0.18401313902001937,0.09010361517564831,18,11,0.24,0.49847560975609756,0.5359359339310124
substitution_size_group,large_to_small,class_macro_f1,shell_mean,base_v5,75,0.029363447074840583,0.0,-0.0021655359888137654,0.06133771300667312,0.09010361517564831,18,11,0.24,0.16615853658536586,0.17864531131033742
substitution_size_group,large_to_small,non_local_f1,shell_mean,base_v5,75,0.17553739194031587,0.0,0.10285461889063721,0.2542255055871168,5.5328035224305544e-05,21,0,0.28,0.5172653764581124,0.5463928274626647
substitution_size_group,large_to_small,non_local_recall,shell_mean,base_v5,70,0.20658532176446778,0.0,0.12392136108401854,0.29703676621363795,4.7934175237965156e-05,21,0,0.3,0.5332581736189402,0.5585120059310477
substitution_size_group,size_neutral,global_mae,shell_mean,base_v5,2,-0.21734725233541316,-0.21734725233541316,,,,2,0,1.0,-0.24440221694719433,-0.24100395816284967
substitution_size_group,size_neutral,shell_mae,shell_mean,base_v5,2,-0.12690669860926818,-0.12690669860926818,,,,1,1,0.5,-0.2596453420050918,-0.24297260680049912
substitution_size_group,size_neutral,mae_shell_0,shell_mean,base_v5,2,-0.166557086010774,-0.166557086010774,,,,1,1,0.5,-0.4292303583560846,-0.3962370882495211
substitution_size_group,size_neutral,mae_shell_1,shell_mean,base_v5,2,-0.09618745115278077,-0.09618745115278077,,,,1,1,0.5,-0.2324166502746786,-0.2153054812436668
substitution_size_group,size_neutral,mae_shell_2,shell_mean,base_v5,2,-0.049969476049232714,-0.049969476049232714,,,,1,1,0.5,-0.19332807629858204,-0.1753214135806952
substitution_size_group,size_neutral,mae_shell_3,shell_mean,base_v5,2,-0.09117230943906478,-0.09117230943906478,,,,1,1,0.5,-0.1836794600499258,-0.17206003116916635
substitution_size_group,size_neutral,mae_shell_4,shell_mean,base_v5,2,-0.2306471703944884,-0.2306471703944884,,,,2,0,1.0,-0.25957216504618796,-0.2559390197594461
substitution_size_group,size_neutral,perturbed_auroc,shell_mean,base_v5,2,0.29086047470270776,0.29086047470270776,,,,2,0,1.0,0.14588427056619394,0.18133505557768864
substitution_size_group,size_neutral,perturbed_auprc,shell_mean,base_v5,2,0.5326592565906774,0.5326592565906774,,,,2,0,1.0,0.20184564034992475,0.28273893217030505
substitution_size_group,size_neutral,radius_mae,shell_mean,base_v5,2,-28.413480758666992,-28.413480758666992,,,,1,0,0.5,-4.371304732102614,-7.391139984130859
substitution_size_group,size_neutral,class_correct,shell_mean,base_v5,2,0.5,0.5,,,,1,0,0.5,0.07692307692307693,0.1300639658848614
substitution_size_group,size_neutral,class_macro_f1,shell_mean,base_v5,2,0.16666666666666666,0.16666666666666666,,,,1,0,0.5,0.02564102564102564,0.0433546552949538
substitution_size_group,size_neutral,non_local_f1,shell_mean,base_v5,2,0.5,0.5,,,,1,0,0.5,0.07692307692307693,0.1300639658848614
substitution_size_group,size_neutral,non_local_recall,shell_mean,base_v5,2,0.5,0.5,,,,1,0,0.5,0.14285714285714285,0.23018867924528302
charge_group,neutral_to_neutral,global_mae,shell_mean,base_v5,57,-0.12016181461696507,-0.14662082530177367,-0.16432429177700555,-0.07568101175607385,1.2208151806299628e-05,41,16,0.7192982456140351,0.02374467262646625,0.018672350969453612
charge_group,neutral_to_neutral,shell_mae,shell_mean,base_v5,57,-0.11418253601345056,-0.1365614420845445,-0.16411392282818058,-0.06300208189846322,0.00014365906371302395,43,14,0.7543859649122807,-0.04448474451738604,-0.052887793422579425
charge_group,neutral_to_neutral,mae_shell_0,shell_mean,base_v5,57,-0.18916440992107092,-0.2200730758825019,-0.28718743362847565,-0.09153988482353038,0.0007883575096604025,41,16,0.7192982456140351,-0.19697974419255104,-0.21493251259315904
charge_group,neutral_to_neutral,mae_shell_1,shell_mean,base_v5,57,-0.09423304751630716,-0.09762416776907085,-0.14842646908900617,-0.039805039657014346,0.001970395896052341,41,16,0.7192982456140351,-0.07746801379094236,-0.08680481491909656
charge_group,neutral_to_neutral,mae_shell_2,shell_mean,base_v5,57,-0.08692081649455402,-0.11589263110996154,-0.130292027423923,-0.04217482132415635,0.000572650799144432,38,19,0.6666666666666666,-0.0033052676137242457,-0.008801199624332751
charge_group,neutral_to_neutral,mae_shell_3,shell_mean,base_v5,57,-0.06880772179591205,-0.09363859436817085,-0.10800334044323225,-0.028295553150836657,0.002023826602190713,37,20,0.6491228070175439,0.017777735730916202,0.013548356336726401
charge_group,neutral_to_neutral,mae_shell_4,shell_mean,base_v5,57,-0.13178668433940854,-0.15108415167454908,-0.17779400445585675,-0.08619898085778578,6.7647114987346586e-06,42,15,0.7368421052631579,0.03755156727937128,0.03255120368696492
charge_group,neutral_to_neutral,perturbed_auroc,shell_mean,base_v5,53,0.2690646046941418,0.2800992667778662,0.2206529903139071,0.313929459452602,4.997630211981767e-09,49,4,0.9245283018867925,0.24927199714785198,0.24939039350606335
charge_group,neutral_to_neutral,perturbed_auprc,shell_mean,base_v5,53,0.25716356863099643,0.2460981773683652,0.19939177243571254,0.31898802279899424,2.624931950143359e-09,50,3,0.9433962264150944,0.21625656657690573,0.2149343807201846
charge_group,neutral_to_neutral,radius_mae,shell_mean,base_v5,57,-13.09204815643956,0.0,-20.76174639057036,-6.623706947440695,7.152557373046875e-07,22,1,0.38596491228070173,-20.157660096145687,-20.707811314857565
charge_group,neutral_to_neutral,class_correct,shell_mean,base_v5,57,0.1911975078369917,0.0,0.07083054739982135,0.3134996918531371,0.0048823583727634085,18,5,0.3157894736842105,0.5398431833097302,0.5499472693848522
charge_group,neutral_to_neutral,class_macro_f1,shell_mean,base_v5,57,0.06373250261233054,0.0,0.02361018246660711,0.10449989728437903,0.0055568967646175225,18,5,0.3157894736842105,0.17994772776991003,0.18331575646161735
charge_group,neutral_to_neutral,non_local_f1,shell_mean,base_v5,57,0.23979945144079276,0.0,0.13909132174720396,0.3458256255739028,0.00010086638641003706,19,0,0.3333333333333333,0.5425373907637042,0.5525061966739794
charge_group,neutral_to_neutral,non_local_recall,shell_mean,base_v5,53,0.26318525448063795,0.0,0.15613341821898924,0.3813089115009259,9.188124469507763e-05,19,0,0.3584905660377358,0.5472822299651567,0.5573920193271866
charge_group,neutral_to_charged,global_mae,shell_mean,base_v5,9,-0.035987434854983534,-0.0127136630772271,-0.14285057540868448,0.07304042594578947,0.5703125,5,4,0.5555555555555556,-0.03400011762086393,0.01518443687893991
charge_group,neutral_to_charged,shell_mae,shell_mean,base_v5,9,0.008447189544940524,0.03668732306489836,-0.0951469388553869,0.10868202584717598,1.0,4,5,0.4444444444444444,-0.025218423657188495,0.015732909126505913
charge_group,neutral_to_charged,mae_shell_0,shell_mean,base_v5,9,0.057719908506407146,0.08981360353174667,-0.08695677882456948,0.21474257164344152,0.65234375,3,6,0.3333333333333333,-0.051637975635024876,0.0005513058845854743
charge_group,neutral_to_charged,mae_shell_1,shell_mean,base_v5,9,0.04634118990812102,0.020834472306348717,-0.04855886893617945,0.14329682201471058,0.42578125,4,5,0.4444444444444444,0.009891044326693823,0.03466021604833416
charge_group,neutral_to_charged,mae_shell_2,shell_mean,base_v5,9,0.008641216119392107,0.013422620961130699,-0.08527676031940229,0.1024045039799041,0.8203125,4,5,0.4444444444444444,-0.014083309889854052,0.01856097090011432
charge_group,neutral_to_charged,mae_shell_3,shell_mean,base_v5,9,-0.02152020704754619,0.037080329856193806,-0.11897447852916307,0.07914052971846879,0.8203125,4,5,0.4444444444444444,-0.03392236377348849,0.008943402068698208
charge_group,neutral_to_charged,mae_shell_4,shell_mean,base_v5,9,-0.048946159761671146,-0.04221545730906845,-0.16599185435517408,0.06941216475963619,0.5703125,5,4,0.5555555555555556,-0.03633951331426849,0.015948650730797757
charge_group,neutral_to_charged,perturbed_auroc,shell_mean,base_v5,9,0.29030618598614333,0.2763449138691566,0.20010843446256496,0.3858398563713732,0.00390625,9,0,1.0,0.34152588203551926,0.3289183078911577
charge_group,neutral_to_charged,perturbed_auprc,shell_mean,base_v5,9,0.27230807819542846,0.21261839844116992,0.16874315396234912,0.38528518587095173,0.00390625,9,0,1.0,0.22990417855748344,0.21750922693710445
charge_group,neutral_to_charged,radius_mae,shell_mean,base_v5,9,-3.3988351821899414,0.0,-10.196505546569824,0.0,,1,0,0.1111111111111111,-0.030316666639949922,-0.04480860666703968
charge_group,neutral_to_charged,class_correct,shell_mean,base_v5,9,0.1111111111111111,0.0,0.0,0.3333333333333333,,1,0,0.1111111111111111,0.0009910802775024777,0.0014648353942563394
charge_group,neutral_to_charged,class_macro_f1,shell_mean,base_v5,9,0.037037037037037035,0.0,0.0,0.1111111111111111,,1,0,0.1111111111111111,0.0003303600925008259,0.0004882784647521131
charge_group,neutral_to_charged,non_local_f1,shell_mean,base_v5,9,0.1111111111111111,0.0,0.0,0.3333333333333333,,1,0,0.1111111111111111,0.0009910802775024777,0.0014648353942563394
charge_group,neutral_to_charged,non_local_recall,shell_mean,base_v5,9,0.1111111111111111,0.0,0.0,0.3333333333333333,,1,0,0.1111111111111111,0.00099626400996264,0.001470399618887077
charge_group,charged_to_neutral,global_mae,shell_mean,base_v5,52,-0.16820363803958072,-0.1813998766480116,-0.20758450257334704,-0.12715019913622205,4.4183875089568106e-08,45,7,0.8653846153846154,-0.04598392068985945,-0.057079875277420845
charge_group,charged_to_neutral,shell_mae,shell_mean,base_v5,52,-0.1819880148407703,-0.20002432989521124,-0.22446639031616444,-0.1394859934026975,5.1533608841136404e-08,44,8,0.8461538461538461,-0.05874674332909905,-0.0730233357462075
charge_group,charged_to_neutral,mae_shell_0,shell_mean,base_v5,52,-0.30867534912813627,-0.4138651755672914,-0.3837823674181658,-0.229483193536373,1.5578803801879373e-07,42,10,0.8076923076923077,-0.13282936841118687,-0.15588402290099546
charge_group,charged_to_neutral,mae_shell_1,shell_mean,base_v5,52,-0.1667318475886724,-0.18975584062148723,-0.21475546924066705,-0.11747699844963447,7.264240982697428e-07,42,10,0.8076923076923077,-0.03289898447960655,-0.05449267585997767
charge_group,charged_to_neutral,mae_shell_2,shell_mean,base_v5,52,-0.13932247650094706,-0.15043715215400555,-0.18032844351360405,-0.09645998711699112,1.103621159771441e-06,42,10,0.8076923076923077,-0.04717400516366103,-0.0552985224878428
charge_group,charged_to_neutral,mae_shell_3,shell_mean,base_v5,52,-0.11855571776205806,-0.13300621360001116,-0.15392876786078377,-0.08257579367578326,7.612206687142094e-07,40,12,0.7692307692307693,-0.031086358287204113,-0.04055592683650415
charge_group,charged_to_neutral,mae_shell_4,shell_mean,base_v5,52,-0.17665468322403743,-0.1983593169874341,-0.2176196387332698,-0.1328259132253715,7.358594190278252e-08,45,7,0.8653846153846154,-0.049745000303836634,-0.05888553064571728
charge_group,charged_to_neutral,perturbed_auroc,shell_mean,base_v5,48,0.248951013252713,0.2670435636776154,0.21550659787681428,0.28172460881698425,1.4210854715202004e-14,47,1,0.9791666666666666,0.27223199472354354,0.2897313561353958
charge_group,charged_to_neutral,perturbed_auprc,shell_mean,base_v5,48,0.20182041324542155,0.19588999924118727,0.15024969776279007,0.2565496544041878,3.537081738613779e-11,46,2,0.9583333333333334,0.20137835684457642,0.22210477347843774
charge_group,charged_to_neutral,radius_mae,shell_mean,base_v5,52,-5.818323664586296,0.0,-11.308113503616553,-1.0511130887227151,0.00336456298828125,15,3,0.28846153846153844,-6.789480117157331,-5.683625073908845
charge_group,charged_to_neutral,class_correct,shell_mean,base_v5,52,0.06807361110638732,0.0,-0.04914400730772695,0.18645946355697604,0.2935105954425006,13,7,0.25,0.22692498758072532,0.17623707652483586
charge_group,charged_to_neutral,class_macro_f1,shell_mean,base_v5,52,0.02269120370212911,0.0,-0.016381335769242316,0.06215315451899201,0.2935105954425006,13,7,0.25,0.07564166252690842,0.058745692174945276
charge_group,charged_to_neutral,non_local_f1,shell_mean,base_v5,52,0.183658378580352,0.0,0.09596661474585616,0.28183969701540507,0.0006386112041971716,15,0,0.28846153846153844,0.2448087431693989,0.19247881844082695
charge_group,charged_to_neutral,non_local_recall,shell_mean,base_v5,48,0.2355033326369618,0.0,0.1247704619177027,0.35633291764948716,0.000477027570352631,15,0,0.3125,0.25765973021018507,0.20329934536705474
charge_group,positive_to_negative,global_mae,shell_mean,base_v5,2,-0.05301364574650155,-0.05301364574650155,,,,2,0,1.0,-0.017072124523326137,-0.017000929675446995
charge_group,positive_to_negative,shell_mae,shell_mean,base_v5,2,-0.037179013349036685,-0.037179013349036685,,,,1,1,0.5,0.03333278775560113,0.033472461224683246
charge_group,positive_to_negative,mae_shell_0,shell_mean,base_v5,2,0.01811743921851404,0.01811743921851404,,,,1,1,0.5,0.18394725525182767,0.18427573963770016
charge_group,positive_to_negative,mae_shell_1,shell_mean,base_v5,2,0.00024021537124224723,0.00024021537124224723,,,,1,1,0.5,0.12665909469555742,0.1269095118336262
charge_group,positive_to_negative,mae_shell_2,shell_mean,base_v5,2,-0.11084909492633019,-0.11084909492633019,,,,2,0,1.0,-0.09608116174957948,-0.09605190865398902
charge_group,positive_to_negative,mae_shell_3,shell_mean,base_v5,2,-0.026593051651892435,-0.026593051651892435,,,,2,0,1.0,-0.020517488528145437,-0.02050545373446797
charge_group,positive_to_negative,mae_shell_4,shell_mean,base_v5,2,-0.06681057475671706,-0.06681057475671706,,,,2,0,1.0,-0.02734376089165421,-0.027265582959452896
charge_group,positive_to_negative,perturbed_auroc,shell_mean,base_v5,2,0.39714217509584426,0.39714217509584426,,,,2,0,1.0,0.42086686955215724,0.42091386466965125
charge_group,positive_to_negative,perturbed_auprc,shell_mean,base_v5,2,0.28098082202849906,0.28098082202849906,,,,2,0,1.0,0.2707419894264604,0.27072170781052546
charge_group,positive_to_negative,radius_mae,shell_mean,base_v5,2,-1.905782617581119,-1.905782617581119,,,,1,0,0.5,-3.7922417105226325,-3.7959785075078867
charge_group,positive_to_negative,class_correct,shell_mean,base_v5,2,0.0,0.0,,,,0,0,0.0,0.0,0.0
charge_group,positive_to_negative,class_macro_f1,shell_mean,base_v5,2,0.0,0.0,,,,0,0,0.0,0.0,0.0
charge_group,positive_to_negative,non_local_f1,shell_mean,base_v5,2,0.0,0.0,,,,0,0,0.0,0.0,0.0
charge_group,positive_to_negative,non_local_recall,shell_mean,base_v5,2,0.0,0.0,,,,0,0,0.0,0.0,0.0
charge_group,charged_to_charged_same_sign,global_mae,shell_mean,base_v5,7,-0.17906230981410332,-0.24099600403663854,-0.2742179962548042,-0.07538934311774066,0.046875,6,1,0.8571428571428571,-0.13708220609463767,-0.07777963989564413
charge_group,charged_to_charged_same_sign,shell_mae,shell_mean,base_v5,7,-0.1669691596736187,-0.15079006199546235,-0.27477899764752534,-0.04584543623016124,0.078125,6,1,0.8571428571428571,-0.09617671253680261,-0.064373881101669
charge_group,charged_to_charged_same_sign,mae_shell_0,shell_mean,base_v5,7,-0.1729596529323377,-0.2615271111329396,-0.38350881990101665,0.06139843602510595,0.296875,5,2,0.7142857142857143,-0.05978566267646397,-0.06001168057832951
charge_group,charged_to_charged_same_sign,mae_shell_1,shell_mean,base_v5,7,-0.17718530473516708,-0.1911350621117486,-0.304594297485089,-0.044801766740949385,0.109375,5,2,0.7142857142857143,-0.04379552673557997,-0.04577802015914619
charge_group,charged_to_charged_same_sign,mae_shell_2,shell_mean,base_v5,7,-0.16574940024791746,-0.20208523132050665,-0.2557425629578966,-0.06770859537582367,0.046875,6,1,0.8571428571428571,-0.12979605989643542,-0.08013527456586171
charge_group,charged_to_charged_same_sign,mae_shell_3,shell_mean,base_v5,7,-0.12830463197788924,-0.15424593919427096,-0.20433920170986805,-0.045371594498394736,0.046875,6,1,0.8571428571428571,-0.09133451725607332,-0.04999324543557651
charge_group,charged_to_charged_same_sign,mae_shell_4,shell_mean,base_v5,7,-0.19064680847478205,-0.2645867369765047,-0.293061294394506,-0.08092058852411031,0.046875,6,1,0.8571428571428571,-0.15617179611946033,-0.08595118476943113
charge_group,charged_to_charged_same_sign,perturbed_auroc,shell_mean,base_v5,7,0.28661646132002844,0.26248409978102005,0.20950309502350115,0.38404958363773156,0.015625,7,0,1.0,0.2517981185151652,0.23250206507034665
charge_group,charged_to_charged_same_sign,perturbed_auprc,shell_mean,base_v5,7,0.2574551748568051,0.19189371967781188,0.1681165376658703,0.3639414837619708,0.015625,7,0,1.0,0.18028223358056858,0.17189412170341337
charge_group,charged_to_charged_same_sign,radius_mae,shell_mean,base_v5,7,-6.558769309078362,0.0,-14.429835853995858,0.0,0.5,2,0,0.2857142857142857,-10.053407046938904,-13.488627848552367
charge_group,charged_to_charged_same_sign,class_correct,shell_mean,base_v5,7,0.07158470194480818,0.0,-0.18676285546514548,0.32459388437649306,1.0,2,1,0.2857142857142857,-0.042281879194630834,0.18507995580284414
charge_group,charged_to_charged_same_sign,class_macro_f1,shell_mean,base_v5,7,0.023861567314936046,0.0,-0.062254285155048515,0.10819796145883101,1.0,2,1,0.2857142857142857,-0.014093959731543634,0.06169331860094804
charge_group,charged_to_charged_same_sign,non_local_f1,shell_mean,base_v5,7,0.18904284121675424,0.0,0.0,0.4014970536709667,0.5,2,0,0.2857142857142857,0.2342281879194631,0.31684234929790756
charge_group,charged_to_charged_same_sign,non_local_recall,shell_mean,base_v5,7,0.21767416644076984,0.0,0.0,0.48495527243155323,0.5,2,0,0.2857142857142857,0.3539553752535497,0.38284908042670684
charge_group,negative_to_positive,global_mae,shell_mean,base_v5,5,-0.2187005745702213,-0.20451405769389525,-0.3274689140329465,-0.11967835363950356,0.0625,5,0,1.0,-0.08064925535502743,-0.081369483778959
charge_group,negative_to_positive,shell_mae,shell_mean,base_v5,5,-0.18805824574060237,-0.18525598737229798,-0.3047874593189087,-0.0661546373575122,0.125,4,1,0.8,0.007903986090491713,0.007143602863510328
charge_group,negative_to_positive,mae_shell_0,shell_mean,base_v5,5,-0.19996557835340287,-0.1929213404655456,-0.33848600586255395,-0.040503219274673374,0.125,4,1,0.8,0.07167528477998872,0.07082170321162058
charge_group,negative_to_positive,mae_shell_1,shell_mean,base_v5,5,-0.189448350803698,-0.25918546666701636,-0.3087397193066657,-0.04039249979922834,0.125,4,1,0.8,0.03461430356337693,0.033946095326052084
charge_group,negative_to_positive,mae_shell_2,shell_mean,base_v5,5,-0.16916806813086777,-0.16082094361384713,-0.2987119151148451,-0.04859360175889391,0.125,4,1,0.8,0.00888690016130015,0.008104727887798303
charge_group,negative_to_positive,mae_shell_3,shell_mean,base_v5,5,-0.15138333154709654,-0.10964911970598942,-0.25808552504115134,-0.049401384120630096,0.125,4,1,0.8,0.016021744171395083,0.015196401367671612
charge_group,negative_to_positive,mae_shell_4,shell_mean,base_v5,5,-0.23032589986794655,-0.23699566229635305,-0.3416994939332644,-0.12547555592928789,0.0625,5,0,1.0,-0.09167830222360208,-0.09235091347559071
charge_group,negative_to_positive,perturbed_auroc,shell_mean,base_v5,4,0.30937412138439324,0.3263575170487505,,,,4,0,1.0,0.3614575332881432,0.3610687741617541
charge_group,negative_to_positive,perturbed_auprc,shell_mean,base_v5,4,0.30520217517063675,0.3184187081812291,,,,4,0,1.0,0.20549272208429964,0.20578106313922806
charge_group,negative_to_positive,radius_mae,shell_mean,base_v5,5,-8.217001536516083,-0.815615033247731,-31.87364428947761,9.190531031290691,0.625,3,1,0.6,-0.966185522813063,-1.0812936651716014
charge_group,negative_to_positive,class_correct,shell_mean,base_v5,5,0.035617183251767257,0.011419249592169658,-0.5666666666666667,0.6045676998368679,0.75,3,1,0.6,0.015384615384615385,0.018809701207428507
charge_group,negative_to_positive,class_macro_f1,shell_mean,base_v5,5,0.011872394417255749,0.003806416530723219,-0.18888888888888888,0.2015225666122893,0.75,3,1,0.6,0.005128205128205127,0.006269900402476168
charge_group,negative_to_positive,non_local_f1,shell_mean,base_v5,5,0.3026101141924959,0.013050570962479609,0.0026101141924959217,0.7,0.25,3,0,0.6,0.03230769230769231,0.033781400774473114
charge_group,negative_to_positive,non_local_recall,shell_mean,base_v5,4,0.5032679738562091,0.5065359477124183,,,,3,0,0.75,0.03333333333333333,0.03477617908839053
charge_binary_group,no_charge_involved,global_mae,shell_mean,base_v5,57,-0.12016181461696507,-0.14662082530177367,-0.16432429177700555,-0.07568101175607385,1.2208151806299628e-05,41,16,0.7192982456140351,0.02374467262646625,0.018672350969453612
charge_binary_group,no_charge_involved,shell_mae,shell_mean,base_v5,57,-0.11418253601345056,-0.1365614420845445,-0.16411392282818058,-0.06300208189846322,0.00014365906371302395,43,14,0.7543859649122807,-0.04448474451738604,-0.052887793422579425
charge_binary_group,no_charge_involved,mae_shell_0,shell_mean,base_v5,57,-0.18916440992107092,-0.2200730758825019,-0.28718743362847565,-0.09153988482353038,0.0007883575096604025,41,16,0.7192982456140351,-0.19697974419255104,-0.21493251259315904
charge_binary_group,no_charge_involved,mae_shell_1,shell_mean,base_v5,57,-0.09423304751630716,-0.09762416776907085,-0.14842646908900617,-0.039805039657014346,0.001970395896052341,41,16,0.7192982456140351,-0.07746801379094236,-0.08680481491909656
charge_binary_group,no_charge_involved,mae_shell_2,shell_mean,base_v5,57,-0.08692081649455402,-0.11589263110996154,-0.130292027423923,-0.04217482132415635,0.000572650799144432,38,19,0.6666666666666666,-0.0033052676137242457,-0.008801199624332751
charge_binary_group,no_charge_involved,mae_shell_3,shell_mean,base_v5,57,-0.06880772179591205,-0.09363859436817085,-0.10800334044323225,-0.028295553150836657,0.002023826602190713,37,20,0.6491228070175439,0.017777735730916202,0.013548356336726401
charge_binary_group,no_charge_involved,mae_shell_4,shell_mean,base_v5,57,-0.13178668433940854,-0.15108415167454908,-0.17779400445585675,-0.08619898085778578,6.7647114987346586e-06,42,15,0.7368421052631579,0.03755156727937128,0.03255120368696492
charge_binary_group,no_charge_involved,perturbed_auroc,shell_mean,base_v5,53,0.2690646046941418,0.2800992667778662,0.2206529903139071,0.313929459452602,4.997630211981767e-09,49,4,0.9245283018867925,0.24927199714785198,0.24939039350606335
charge_binary_group,no_charge_involved,perturbed_auprc,shell_mean,base_v5,53,0.25716356863099643,0.2460981773683652,0.19939177243571254,0.31898802279899424,2.624931950143359e-09,50,3,0.9433962264150944,0.21625656657690573,0.2149343807201846
charge_binary_group,no_charge_involved,radius_mae,shell_mean,base_v5,57,-13.09204815643956,0.0,-20.76174639057036,-6.623706947440695,7.152557373046875e-07,22,1,0.38596491228070173,-20.157660096145687,-20.707811314857565
charge_binary_group,no_charge_involved,class_correct,shell_mean,base_v5,57,0.1911975078369917,0.0,0.07083054739982135,0.3134996918531371,0.0048823583727634085,18,5,0.3157894736842105,0.5398431833097302,0.5499472693848522
charge_binary_group,no_charge_involved,class_macro_f1,shell_mean,base_v5,57,0.06373250261233054,0.0,0.02361018246660711,0.10449989728437903,0.0055568967646175225,18,5,0.3157894736842105,0.17994772776991003,0.18331575646161735
charge_binary_group,no_charge_involved,non_local_f1,shell_mean,base_v5,57,0.23979945144079276,0.0,0.13909132174720396,0.3458256255739028,0.00010086638641003706,19,0,0.3333333333333333,0.5425373907637042,0.5525061966739794
charge_binary_group,no_charge_involved,non_local_recall,shell_mean,base_v5,53,0.26318525448063795,0.0,0.15613341821898924,0.3813089115009259,9.188124469507763e-05,19,0,0.3584905660377358,0.5472822299651567,0.5573920193271866
charge_binary_group,charge_involved,global_mae,shell_mean,base_v5,59,-0.15619364649021933,-0.18614098852074837,-0.1954477004007301,-0.11534561286220225,4.635998751370346e-08,49,10,0.8305084745762712,-0.05109788877110537,-0.04366366771255537
charge_binary_group,charge_involved,shell_mae,shell_mean,base_v5,59,-0.16655010206423085,-0.1983467722948852,-0.21024358895984666,-0.1232304626595667,5.978375312753373e-08,49,10,0.8305084745762712,-0.04726562951671411,-0.04720704210712807
charge_binary_group,charge_involved,mae_shell_0,shell_mean,base_v5,59,-0.2806414052303675,-0.400138258934021,-0.3537206625243077,-0.2055462430542009,1.2668130262448944e-07,47,12,0.7966101694915254,-0.0847149606934118,-0.09645056454252557
charge_binary_group,charge_involved,mae_shell_1,shell_mean,base_v5,59,-0.1514369555433773,-0.16479316617051762,-0.1993242239385337,-0.10379228651229863,1.1248010004558033e-06,45,14,0.7627118644067796,-0.01374222170814608,-0.026689076434821917
charge_binary_group,charge_involved,mae_shell_2,shell_mean,base_v5,59,-0.12577209679434398,-0.12821344137896132,-0.16761893040642786,-0.08386724802528589,2.3007803558680394e-06,45,14,0.7627118644067796,-0.04668668710798363,-0.039232914099927844
charge_binary_group,charge_involved,mae_shell_3,shell_mean,base_v5,59,-0.11029604419805665,-0.1322998537275935,-0.14486827384157433,-0.07491880412852062,1.2610213584778175e-06,45,14,0.7627118644067796,-0.034742069982346364,-0.027600710589215587
charge_binary_group,charge_involved,mae_shell_4,shell_mean,base_v5,59,-0.16460400855500865,-0.16803160615456436,-0.20537597880754122,-0.12152108384782964,5.7310821091515996e-08,50,9,0.847457627118644,-0.05644220809168267,-0.046061944869149385
charge_binary_group,charge_involved,perturbed_auroc,shell_mean,base_v5,55,0.2570660738149065,0.2763449138691566,0.2267604118139647,0.2865812459871682,1.170547504057613e-10,54,1,0.9818181818181818,0.29918768612915636,0.3006632059398577
charge_binary_group,charge_involved,perturbed_auprc,shell_mean,base_v5,55,0.22488043426755927,0.21210025797761953,0.18015744455222069,0.2736761543834866,2.519175736661506e-10,54,1,0.9818181818181818,0.21080380864113962,0.21759240750231237
charge_binary_group,charge_involved,radius_mae,shell_mean,base_v5,59,-5.545719905728486,0.0,-10.423590871960469,-1.3390487527975248,0.0019855499267578125,17,3,0.288135593220339,-5.11204646183894,-4.867690912155316
charge_binary_group,charge_involved,class_correct,shell_mean,base_v5,59,0.07088529378927114,0.0,-0.03873910854414992,0.1822226983433334,0.23931349341981245,14,9,0.23728813559322035,0.131238990017616,0.1283200951132916
charge_binary_group,charge_involved,class_macro_f1,shell_mean,base_v5,59,0.02362843126309037,0.0,-0.012913036181383307,0.060740899447777795,0.23931349341981245,14,9,0.23728813559322035,0.04374633000587198,0.04277336503776386
charge_binary_group,charge_involved,non_local_f1,shell_mean,base_v5,59,0.18186106375294536,0.0,0.09685768520572903,0.2744844816311121,0.00041870024239133854,16,0,0.2711864406779661,0.1666470933646506,0.15036410269604855
charge_binary_group,charge_involved,non_local_recall,shell_mean,base_v5,55,0.23193750006838923,0.0,0.13065899114923826,0.34339615548757735,0.0002976302075402201,16,0,0.2909090909090909,0.1775636613902271,0.15834663435403248
glypro_group,no_gly_or_pro,global_mae,shell_mean,base_v5,96,-0.1340732214929565,-0.15343433546822238,-0.16625031101889173,-0.10175713749261041,2.906487566476343e-10,74,22,0.7708333333333334,0.000713390095917541,0.0007121281495821365
glypro_group,no_gly_or_pro,shell_mae,shell_mean,base_v5,96,-0.13949551556406167,-0.1633134001034584,-0.1760374822002923,-0.10277880178925868,1.9247595549207607e-09,74,22,0.7708333333333334,-0.04117156022446793,-0.04846612780840367
glypro_group,no_gly_or_pro,mae_shell_0,shell_mean,base_v5,96,-0.23732535738458194,-0.2688584964101513,-0.3037593984955142,-0.17069294027953713,1.5747061912349264e-08,72,24,0.75,-0.15405525006549786,-0.17746563053136236
glypro_group,no_gly_or_pro,mae_shell_1,shell_mean,base_v5,96,-0.12421252132605322,-0.12697118613868952,-0.1639365063675217,-0.08343654579682233,2.3763268437796247e-07,71,25,0.7395833333333334,-0.04803361658942128,-0.0621948103974882
glypro_group,no_gly_or_pro,mae_shell_2,shell_mean,base_v5,96,-0.10541092168874873,-0.13225310857157307,-0.13806786911150934,-0.07181230588222134,1.3144143398184335e-07,67,29,0.6979166666666666,-0.014429412612975154,-0.014780161070198448
glypro_group,no_gly_or_pro,mae_shell_3,shell_mean,base_v5,96,-0.0875300458093401,-0.10683477885960352,-0.11730593018882592,-0.057487683771766926,4.497339487338473e-07,66,30,0.6875,0.0031573653264208705,0.002733599971809192
glypro_group,no_gly_or_pro,mae_shell_4,shell_mean,base_v5,96,-0.1429987316115843,-0.15758935066455748,-0.17590901646531848,-0.11031842260665177,1.4584340639973366e-10,77,19,0.8020833333333334,0.007503112819133719,0.00937636298522151
glypro_group,no_gly_or_pro,perturbed_auroc,shell_mean,base_v5,90,0.2596285077673455,0.2736317224649638,0.2286447302041278,0.2892787812106386,3.263491055296146e-15,86,4,0.9555555555555556,0.26430531515807915,0.26499880424155015
glypro_group,no_gly_or_pro,perturbed_auprc,shell_mean,base_v5,90,0.22917780535137638,0.2173957591824151,0.187186295257353,0.2741157016582069,5.280690945371418e-15,87,3,0.9666666666666667,0.2136013897375227,0.21552617750327427
glypro_group,no_gly_or_pro,radius_mae,shell_mean,base_v5,96,-9.235074926044545,0.0,-14.269013246351035,-4.97453174454072,1.8702121451497078e-07,33,2,0.34375,-16.255312460997473,-17.23378957554839
glypro_group,no_gly_or_pro,class_correct,shell_mean,base_v5,96,0.1431894304381076,0.0,0.057895699741518404,0.23073401882067987,0.002518908464030986,28,11,0.2916666666666667,0.4306431428361102,0.45580655480299836
glypro_group,no_gly_or_pro,class_macro_f1,shell_mean,base_v5,96,0.04772981014603587,0.0,0.01929856658050614,0.07691133960689328,0.002519218617608994,28,11,0.2916666666666667,0.14354771427870341,0.15193551826766608
glypro_group,no_gly_or_pro,non_local_f1,shell_mean,base_v5,96,0.2144582480522695,0.0,0.14415171911409433,0.29230105082770874,2.1058299685562284e-06,29,0,0.3020833333333333,0.4473535690624003,0.4656359601167234
glypro_group,no_gly_or_pro,non_local_recall,shell_mean,base_v5,90,0.24609308736112673,0.0,0.16581724935698708,0.33247043758833383,1.4401122314504322e-06,29,0,0.32222222222222224,0.4613691003416424,0.47662007826300623
glypro_group,gly_or_pro_involved,global_mae,shell_mean,base_v5,11,-0.20473447241205792,-0.22442804905488709,-0.29023499484241927,-0.11814056516736575,0.001953125,10,1,0.9090909090909091,-0.04051985752525374,-0.019762110133981315
glypro_group,gly_or_pro_involved,shell_mae,shell_mean,base_v5,11,-0.2183006357145085,-0.21792559565525027,-0.3076607703786178,-0.13162366634851314,0.0009765625,11,0,1.0,-0.07937010622891026,-0.07381887124235983
glypro_group,gly_or_pro_involved,mae_shell_0,shell_mean,base_v5,11,-0.2938708018262131,-0.2644355893135071,-0.42964966584754344,-0.157843652073827,0.0048828125,10,1,0.9090909090909091,-0.16588422892274587,-0.1707543530934695
glypro_group,gly_or_pro_involved,mae_shell_1,shell_mean,base_v5,11,-0.23310768460091172,-0.18043732692301273,-0.32878150427022795,-0.13955851510447112,0.001953125,10,1,0.9090909090909091,-0.09932909833255828,-0.11387264737532514
glypro_group,gly_or_pro_involved,mae_shell_2,shell_mean,base_v5,11,-0.193779459481837,-0.22321367719107207,-0.27540289241058774,-0.11185910530161691,0.0029296875,10,1,0.9090909090909091,-0.05790421421524765,-0.0521365959251123
glypro_group,gly_or_pro_involved,mae_shell_3,shell_mean,base_v5,11,-0.15897808710070074,-0.17248395041155137,-0.22774523313265346,-0.09012790315273263,0.0029296875,10,1,0.9090909090909091,-0.03933556499640996,-0.02104265661154868
glypro_group,gly_or_pro_involved,mae_shell_4,shell_mean,base_v5,11,-0.21176714556287982,-0.22374999068818469,-0.3021347691242194,-0.1190913967519302,0.0029296875,10,1,0.9090909090909091,-0.0343974246775894,-0.01128810320634356
glypro_group,gly_or_pro_involved,perturbed_auroc,shell_mean,base_v5,11,0.2725514259389286,0.26112205884912487,0.22204903516829336,0.32275622695805783,0.0009765625,11,0,1.0,0.28897053582619564,0.26921219199524465
glypro_group,gly_or_pro_involved,perturbed_auprc,shell_mean,base_v5,11,0.2926156884313172,0.23554833433926486,0.20017982598221243,0.40120672470839003,0.0009765625,11,0,1.0,0.21964684690422323,0.21780499938506034
glypro_group,gly_or_pro_involved,radius_mae,shell_mean,base_v5,11,-1.925523750715022,0.0,-5.279624272425324,0.0,0.25,3,0,0.2727272727272727,-1.5665302153024052,-1.2878373056854913
glypro_group,gly_or_pro_involved,class_correct,shell_mean,base_v5,11,0.0670701005105809,0.0,0.0,0.20050383738479816,0.5,2,0,0.18181818181818182,0.06006120887528692,0.04783360645651236
glypro_group,gly_or_pro_involved,class_macro_f1,shell_mean,base_v5,11,0.022356700170193634,0.0,0.0,0.06683461246159939,0.5,2,0,0.18181818181818182,0.02002040295842897,0.015944535485504122
glypro_group,gly_or_pro_involved,non_local_f1,shell_mean,base_v5,11,0.0670701005105809,0.0,0.0,0.20050383738479816,0.5,2,0,0.18181818181818182,0.06006120887528692,0.04783360645651236
glypro_group,gly_or_pro_involved,non_local_recall,shell_mean,base_v5,11,0.06707185166108678,0.0,0.0,0.20050733968580994,0.5,2,0,0.18181818181818182,0.060758513931888546,0.048524422679754674
gly_group,no_gly,global_mae,shell_mean,base_v5,97,-0.13385349059382143,-0.1526415964895828,-0.16544372183342382,-0.10196090958219348,2.323302845983172e-10,75,22,0.7731958762886598,0.002481589178463765,0.0027976181741551065
gly_group,no_gly,shell_mae,shell_mean,base_v5,97,-0.1388506049382106,-0.16096892093987147,-0.1745513673943841,-0.10275851893512888,1.5794443052219635e-09,75,22,0.7731958762886598,-0.04011684700884356,-0.04713944331384327
gly_group,no_gly,mae_shell_0,shell_mean,base_v5,97,-0.2361969905074937,-0.2670577646543582,-0.3020737914201051,-0.16929796635546104,1.3484250468057462e-08,72,25,0.7422680412371134,-0.15025246514049784,-0.17371204711702717
gly_group,no_gly,mae_shell_1,shell_mean,base_v5,97,-0.12348812903120977,-0.12646876461803913,-0.1635217203047828,-0.08309136597995863,2.1804523504263506e-07,71,26,0.7319587628865979,-0.04993303927207846,-0.06339771844577469
gly_group,no_gly,mae_shell_2,shell_mean,base_v5,97,-0.10449246809139993,-0.12821344137896132,-0.13721964162830005,-0.07158178974305625,1.4217361044799967e-07,67,30,0.6907216494845361,-0.014329261251861547,-0.01445552058238033
gly_group,no_gly,mae_shell_3,shell_mean,base_v5,97,-0.08719744443512766,-0.1018744470911982,-0.1163678738221133,-0.05799102845544167,4.4152913443012893e-07,67,30,0.6907216494845361,0.004399606901834141,0.004223190109561971
gly_group,no_gly,mae_shell_4,shell_mean,base_v5,97,-0.14287799262582204,-0.15662848232018758,-0.17514391948549368,-0.11025170271300756,1.0677701671037077e-10,78,19,0.8041237113402062,0.009530923718386111,0.011644879466404159
gly_group,no_gly,perturbed_auroc,shell_mean,base_v5,91,0.2598169402377203,0.27446213680232956,0.22932356484865263,0.2889504799889018,2.2326778228821666e-15,87,4,0.9560439560439561,0.2631083232914409,0.2641340258706363
gly_group,no_gly,perturbed_auprc,shell_mean,base_v5,91,0.23149294784061994,0.2245297759846709,0.18976590253384662,0.27582070125487895,3.482499933308873e-15,88,3,0.967032967032967,0.2127033190693873,0.21505482650922683
gly_group,no_gly,radius_mae,shell_mean,base_v5,97,-9.165885862397149,0.0,-14.181254813040194,-4.922388905637026,1.0841176845133305e-07,34,2,0.35051546391752575,-15.781412408262613,-16.644699648921932
gly_group,no_gly,class_correct,shell_mean,base_v5,97,0.14172944174922028,0.0,0.05572224077089216,0.22634412864927494,0.002294794732672224,28,11,0.28865979381443296,0.420494449812637,0.4418493818159342
gly_group,no_gly,class_macro_f1,shell_mean,base_v5,97,0.04724314724974009,0.0,0.018574080256964054,0.07544804288309166,0.002295082177960778,28,11,0.28865979381443296,0.14016481660421234,0.14728312727197806
gly_group,no_gly,non_local_f1,shell_mean,base_v5,97,0.2122525683718243,0.0,0.14199825620804687,0.2877564217081616,2.1058299685562284e-06,29,0,0.29896907216494845,0.43654403619994814,0.4512785284609507
gly_group,no_gly,non_local_recall,shell_mean,base_v5,91,0.24339272482808103,0.0,0.163234012194047,0.3289872003014502,1.4401122314504322e-06,29,0,0.31868131868131866,0.4497620435120435,0.46160634459202693
gly_group,gly_involved,global_mae,shell_mean,base_v5,9,-0.19215214583176976,-0.22442804905488709,-0.28220789207717223,-0.09685482809867821,0.01171875,8,1,0.8888888888888888,-0.08114403915337905,-0.06287511811427839
gly_group,gly_involved,shell_mae,shell_mean,base_v5,9,-0.21561794483551783,-0.21792559565525027,-0.3112867411820901,-0.11811831221926124,0.0078125,8,1,0.8888888888888888,-0.11003199260851981,-0.10864875756173355
gly_group,gly_involved,mae_shell_0,shell_mean,base_v5,9,-0.31084167040798616,-0.27712108022733667,-0.45930790682557837,-0.15842118356869184,0.01171875,8,1,0.8888888888888888,-0.2169278891129253,-0.2220687620891409
gly_group,gly_involved,mae_shell_1,shell_mean,base_v5,9,-0.22589090710670698,-0.1479894388827201,-0.3319917825504238,-0.12316511852863123,0.00390625,9,0,1.0,-0.10087259537964445,-0.1272023153484907
gly_group,gly_involved,mae_shell_2,shell_mean,base_v5,9,-0.18991446521958869,-0.22321367719107207,-0.27384627872438855,-0.10400017169387962,0.0078125,8,1,0.8888888888888888,-0.07965076055102921,-0.07940930654007385
gly_group,gly_involved,mae_shell_3,shell_mean,base_v5,9,-0.1524628412101765,-0.17248395041155137,-0.22069022859167675,-0.07998855088046977,0.01171875,8,1,0.8888888888888888,-0.07426871693107796,-0.057340657189137056
gly_group,gly_involved,mae_shell_4,shell_mean,base_v5,9,-0.19897984023313064,-0.22374999068818469,-0.29470763781708514,-0.09613733938484456,0.01953125,7,2,0.7777777777777778,-0.07844000106792182,-0.05722274664182512
gly_group,gly_involved,perturbed_auroc,shell_mean,base_v5,9,0.2797859111632421,0.26112205884912487,0.2301338729127619,0.3322977286147642,0.00390625,9,0,1.0,0.3147500222931032,0.2844432084964363
gly_group,gly_involved,perturbed_auprc,shell_mean,base_v5,9,0.2647813359296291,0.23554833433926486,0.18651181194773084,0.3513990855211089,0.00390625,9,0,1.0,0.23306031803069835,0.22614489578849328
gly_group,gly_involved,radius_mae,shell_mean,base_v5,9,-0.07215220693933272,0.0,-0.21645662081799819,0.0,,1,0,0.1111111111111111,-0.2877348714479249,-0.38728824478194845
gly_group,gly_involved,class_correct,shell_mean,base_v5,9,0.001554001554001554,0.0,0.0,0.004662004662004662,,1,0,0.1111111111111111,0.006197183098591549,0.00834134615928975
gly_group,gly_involved,class_macro_f1,shell_mean,base_v5,9,0.000518000518000518,0.0,0.0,0.001554001554001554,,1,0,0.1111111111111111,0.0020657276995305163,0.0027804487197632495
gly_group,gly_involved,non_local_f1,shell_mean,base_v5,9,0.001554001554001554,0.0,0.0,0.004662004662004662,,1,0,0.1111111111111111,0.006197183098591549,0.00834134615928975
gly_group,gly_involved,non_local_recall,shell_mean,base_v5,9,0.001556970983722576,0.0,0.0,0.004670912951167729,,1,0,0.1111111111111111,0.006287510717347814,0.008502297296893007
pro_group,no_pro,global_mae,shell_mean,base_v5,98,-0.13703188622257942,-0.1545936814180855,-0.16834808023111408,-0.10511754684984807,9.878437501496532e-11,76,22,0.7755102040816326,-0.00584584683690876,-0.003487708922597936
pro_group,no_pro,shell_mae,shell_mean,base_v5,98,-0.14332407071650216,-0.16686860783158922,-0.17877785612895153,-0.10693904414323832,6.629639395502045e-10,76,22,0.7755102040816326,-0.04668934761952883,-0.052447682858532754
pro_group,no_pro,mae_shell_0,shell_mean,base_v5,98,-0.24302994594358795,-0.2688584964101513,-0.3083497481179088,-0.17617707732495053,4.9550767497113355e-09,73,25,0.7448979591836735,-0.15909323549805018,-0.18042968984433788
pro_group,no_pro,mae_shell_1,shell_mean,base_v5,98,-0.12851732165644014,-0.1283392147584395,-0.16843950848110462,-0.08842730956503334,7.707960992410055e-08,73,25,0.7448979591836735,-0.052267604687412254,-0.06650090555299609
pro_group,no_pro,mae_shell_2,shell_mean,base_v5,98,-0.10880195797074002,-0.13225310857157307,-0.14087582927541611,-0.07574018950432564,4.888011526042814e-08,69,29,0.7040816326530612,-0.019655600121272387,-0.019052495187175486
pro_group,no_pro,mae_shell_3,shell_mean,base_v5,98,-0.09034915371509028,-0.11264659510447811,-0.11911150469009693,-0.060901347244247894,1.7415109274308263e-07,68,30,0.6938775510204082,-0.003046787710938255,-0.0012329328633658453
pro_group,no_pro,mae_shell_4,shell_mean,base_v5,98,-0.14592197429665232,-0.16020716606496194,-0.17816070330370434,-0.11327507431098582,5.475796180974138e-11,79,19,0.8061224489795918,0.0006164899200287356,0.004977609155211379
pro_group,no_pro,perturbed_auroc,shell_mean,base_v5,92,0.25934974641742836,0.27027764098317913,0.2288477490052191,0.2887116421580648,1.5275215661584591e-15,88,4,0.9565217391304348,0.26842076046214813,0.26629223064387175
pro_group,no_pro,perturbed_auprc,shell_mean,base_v5,92,0.23381916946974624,0.22170317113430255,0.19155227777603862,0.27877583715898874,2.2275237955768787e-15,89,3,0.967391304347826,0.21518891317882274,0.21623843044689414
pro_group,no_pro,radius_mae,shell_mean,base_v5,98,-9.024418600282392,0.0,-13.858277104745886,-4.734713557065494,1.8702121451497078e-07,33,2,0.336734693877551,-14.97583024889218,-16.121690328833708
pro_group,no_pro,class_correct,shell_mean,base_v5,98,0.14055888401250607,0.0,0.056788787631198184,0.22711468945751528,0.0024044625152789406,28,11,0.2857142857142857,0.39663228223822317,0.42626088191867195
pro_group,no_pro,class_macro_f1,shell_mean,base_v5,98,0.046852961337502025,0.0,0.018929595877066056,0.07570489648583842,0.0024047611315879277,28,11,0.2857142857142857,0.13221076074607438,0.14208696063955734
pro_group,no_pro,non_local_f1,shell_mean,base_v5,98,0.20957762730695934,0.0,0.13990371822199998,0.28579049949369517,2.1058299685562284e-06,29,0,0.29591836734693877,0.4120037017809178,0.4354422844699098
pro_group,no_pro,non_local_recall,shell_mean,base_v5,92,0.24022453836195573,0.0,0.16106803334257586,0.32553744351343994,1.4401122314504322e-06,29,0,0.31521739130434784,0.4243502115590273,0.4455896904838436
pro_group,pro_involved,global_mae,shell_mean,base_v5,5,-0.09049538696995847,-0.049811011299991076,-0.2639390160018104,0.030862883247202922,0.4375,3,2,0.6,0.0454252227964653,0.05192283372363666
pro_group,pro_involved,shell_mae,shell_mean,base_v5,5,-0.12398159303190978,-0.04762452232776154,-0.2622410205658743,-0.020211074639177696,0.125,4,1,0.8,-0.014501395473478881,-0.0158864883800654
pro_group,pro_involved,mae_shell_0,shell_mean,base_v5,5,-0.17125024959930238,-0.0972711046536765,-0.3537186160588589,0.0061585683314029135,0.3125,4,1,0.8,-0.057895555695608454,-0.0853638698000797
pro_group,pro_involved,mae_shell_1,shell_mean,base_v5,5,-0.18224202034565698,-0.20816066857687265,-0.30885552627823365,-0.05504240823437595,0.125,4,1,0.8,-0.09606365463937838,-0.09168885309554527
pro_group,pro_involved,mae_shell_2,shell_mean,base_v5,5,-0.11011968364434314,-0.11450114585728668,-0.24193693654504883,0.0008676992026921126,0.3125,3,2,0.6,-0.011896920119881308,-0.006780943312225606
pro_group,pro_involved,mae_shell_3,shell_mean,base_v5,5,-0.07181888787316967,-0.02034602234894406,-0.21197774552880952,0.026024985388541456,0.4375,4,1,0.8,0.03456949422174939,0.03931531009120634
pro_group,pro_involved,mae_shell_4,shell_mean,base_v5,5,-0.08447712369707686,-0.029489655134552928,-0.26889261587579405,0.05006485238299267,0.625,3,2,0.6,0.05877965886572422,0.06508591421631713
pro_group,pro_involved,perturbed_auroc,shell_mean,base_v5,5,0.23504822007886847,0.24096385542168686,0.17079156372982618,0.3066554622928006,0.0625,5,0,1.0,0.23478573143679393,0.24405885569722485
pro_group,pro_involved,perturbed_auprc,shell_mean,base_v5,5,0.306618727163207,0.2606301999159142,0.15927485212607087,0.5076968560761198,0.0625,5,0,1.0,0.19145364336217727,0.204014025780053
pro_group,pro_involved,radius_mae,shell_mean,base_v5,5,-4.746986798907435,0.0,-13.075514639810075,0.0,0.5,2,0,0.4,-4.271967325364023,-2.786326366462598
pro_group,pro_involved,class_correct,shell_mean,base_v5,5,0.1697674418604651,0.0,0.0,0.5093023255813953,,1,0,0.2,0.17401668653158522,0.11354783588367427
pro_group,pro_involved,class_macro_f1,shell_mean,base_v5,5,0.056589147286821705,0.0,0.0,0.1697674418604651,,1,0,0.2,0.05800556217719507,0.037849278627891426
pro_group,pro_involved,non_local_f1,shell_mean,base_v5,5,0.1697674418604651,0.0,0.0,0.5093023255813953,,1,0,0.2,0.17401668653158522,0.11354783588367427
pro_group,pro_involved,non_local_recall,shell_mean,base_v5,5,0.1697674418604651,0.0,0.0,0.5093023255813953,,1,0,0.2,0.1749550629119233,0.11428968010412599
secondary_structure_group,helix,global_mae,shell_mean,base_v5,48,-0.09259975738981681,-0.09160599884516782,-0.14186931781156745,-0.04249417387924504,0.0010519871945220416,33,15,0.6875,0.039577442273632454,0.014391081072920902
secondary_structure_group,helix,shell_mae,shell_mean,base_v5,48,-0.09211498440937303,-0.06880012871642024,-0.1490593288678058,-0.03380310115105875,0.0048198435071000745,33,15,0.6875,0.06526578087095324,0.03658294805451923
secondary_structure_group,helix,mae_shell_0,shell_mean,base_v5,48,-0.16330256443181138,-0.16847751970942085,-0.2616573767627757,-0.06034919086931766,0.004198267840372694,30,18,0.625,0.09865079725664667,0.051838512516630124
secondary_structure_group,helix,mae_shell_1,shell_mean,base_v5,48,-0.07411918748917092,-0.0783836400067364,-0.13661917144408364,-0.009712660132503171,0.029155132802173966,31,17,0.6458333333333334,0.09428347972788191,0.062477351621453764
secondary_structure_group,helix,mae_shell_2,shell_mean,base_v5,48,-0.0719598051262455,-0.08045091449094513,-0.12098103594452428,-0.022389238899484264,0.00793742055222424,31,17,0.6458333333333334,0.055366982603500654,0.03507987988332237
secondary_structure_group,helix,mae_shell_3,shell_mean,base_v5,48,-0.0514250749869041,-0.06206955537401809,-0.09715823143474744,-0.004768921519534705,0.03244602809090935,29,19,0.6041666666666666,0.040819217458614845,0.022196475925738996
secondary_structure_group,helix,mae_shell_4,shell_mean,base_v5,48,-0.09976829001273317,-0.10308186886539461,-0.1503875179130452,-0.04909835514587663,0.00047696541899711065,34,14,0.7083333333333334,0.037208427308122044,0.011322520325450907
secondary_structure_group,helix,perturbed_auroc,shell_mean,base_v5,44,0.217445170595372,0.21433691450630862,0.15858955378483336,0.2746289694161014,6.516074790852144e-09,40,4,0.9090909090909091,0.28677098081493074,0.2965144377782538
secondary_structure_group,helix,perturbed_auprc,shell_mean,base_v5,44,0.1800081345410243,0.17961787344245417,0.12869247528189812,0.23323250347548496,1.2940972737851553e-09,41,3,0.9318181818181818,0.26181078998087876,0.26328637548939154
secondary_structure_group,helix,radius_mae,shell_mean,base_v5,48,-14.756834791144366,0.0,-24.105905456357355,-7.077511539227142,1.52587890625e-05,17,0,0.3541666666666667,-11.81151290347171,-11.718195675817986
secondary_structure_group,helix,class_correct,shell_mean,base_v5,48,0.20618784380625277,0.0,0.06007703416489541,0.34729892241275173,0.009371075933731444,16,5,0.3333333333333333,0.3708031157668547,0.34525206185272966
secondary_structure_group,helix,class_macro_f1,shell_mean,base_v5,48,0.06872928126875093,0.0,0.020025678054965128,0.11576630747091725,0.009371075933731444,16,5,0.3333333333333333,0.12360103858895158,0.11508402061757657
secondary_structure_group,helix,non_local_f1,shell_mean,base_v5,48,0.2723139426850903,0.0,0.15740266021355412,0.3948700042961488,0.00033127762032095134,16,0,0.3333333333333333,0.3853075476766049,0.35761327098114504
secondary_structure_group,helix,non_local_recall,shell_mean,base_v5,43,0.3146167337380295,0.0,0.18604651162790697,0.4505586918461172,0.0002591295066070443,16,0,0.37209302325581395,0.3986383215228567,0.3717560458743815
secondary_structure_group,loop,global_mae,shell_mean,base_v5,53,-0.15616715370908898,-0.1889074775573728,-0.19588438268374872,-0.11412915759085535,1.9821993943064397e-07,45,8,0.8490566037735849,-0.013911254062222397,-0.002299095978082654
secondary_structure_group,loop,shell_mae,shell_mean,base_v5,53,-0.14502068891703604,-0.1680793363961331,-0.18764445891989226,-0.10033100214487208,9.583411000446516e-07,44,9,0.8301886792452831,-0.06417017258538882,-0.06358222349674014
secondary_structure_group,loop,mae_shell_0,shell_mean,base_v5,53,-0.205750122947646,-0.228431330786811,-0.2922694841317755,-0.11838668682301612,7.17325139264613e-05,38,15,0.7169811320754716,-0.18932720921345417,-0.20896177649758602
secondary_structure_group,loop,mae_shell_1,shell_mean,base_v5,53,-0.13039151829508613,-0.12646876461803913,-0.17764549128361176,-0.08235523069922104,1.1057016127208045e-05,41,12,0.7735849056603774,-0.08133678303913386,-0.09160030638557806
secondary_structure_group,loop,mae_shell_2,shell_mean,base_v5,53,-0.11062859602464713,-0.12320778232354385,-0.15404536283944353,-0.06565119665819957,4.744985570333505e-05,38,15,0.7169811320754716,-0.03385668511902881,-0.025722159440800866
secondary_structure_group,loop,mae_shell_3,shell_mean,base_v5,53,-0.10906229293379052,-0.13205521529720674,-0.14426254951931838,-0.07178847522666225,5.2448565281694034e-06,40,13,0.7547169811320755,-0.009528734516287066,0.00039883732489198027
secondary_structure_group,loop,mae_shell_4,shell_mean,base_v5,53,-0.1692709143840103,-0.2023083058207534,-0.2102377038594337,-0.12578759630963157,1.3507654113181237e-07,46,7,0.8679245283018868,-0.0068014510390400915,0.007974287515372335
secondary_structure_group,loop,perturbed_auroc,shell_mean,base_v5,48,0.30444725086393304,0.3155395354546126,0.2739382515112662,0.3358638283353363,7.105427357601002e-15,48,0,1.0,0.25920710639731415,0.25139602516657905
secondary_structure_group,loop,perturbed_auprc,shell_mean,base_v5,48,0.27853504390713085,0.2588859984152494,0.22164501806080114,0.3419789357381912,2.3447910280083306e-13,47,1,0.9791666666666666,0.20322348723346598,0.20596934570945122
secondary_structure_group,loop,radius_mae,shell_mean,base_v5,53,-6.105428690926,0.0,-11.458007999770993,-1.341700581266239,0.004284858703613281,18,3,0.33962264150943394,-16.938346791437645,-18.429388487874782
secondary_structure_group,loop,class_correct,shell_mean,base_v5,53,0.10491856093038325,0.0,-0.011324825217281832,0.22264693296003102,0.09591531685318148,15,7,0.2830188679245283,0.4351641751201281,0.48095464649990627
secondary_structure_group,loop,class_macro_f1,shell_mean,base_v5,53,0.03497285364346108,0.0,-0.0037749417390939436,0.07421564432001035,0.09591531685318148,15,7,0.2830188679245283,0.14505472504004271,0.16031821549996877
secondary_structure_group,loop,non_local_f1,shell_mean,base_v5,53,0.18800756463420462,0.0,0.0983734318033898,0.2876003048158649,0.00041870024239133854,16,0,0.3018867924528302,0.45301655098772026,0.4903136800544831
secondary_structure_group,loop,non_local_recall,shell_mean,base_v5,49,0.22102192848391947,0.0,0.11795833170910835,0.3365085514285929,0.0003616167931398993,16,0,0.32653061224489793,0.4675253116605827,0.5010560970241436
secondary_structure_group,sheet,global_mae,shell_mean,base_v5,30,-0.18179821558912038,-0.20929467508644892,-0.22733426779728202,-0.13352457774565749,4.7124922275543213e-07,26,4,0.8666666666666667,-0.006958819514772417,-0.010539198182392089
secondary_structure_group,sheet,shell_mae,shell_mean,base_v5,30,-0.2211772893775521,-0.23203954377391778,-0.268496078338917,-0.17019992045292903,2.60770320892334e-08,28,2,0.9333333333333333,-0.07678750813849956,-0.07658038387352743
secondary_structure_group,sheet,mae_shell_0,shell_mean,base_v5,30,-0.4059180271924634,-0.5028697823484739,-0.4863265012427844,-0.3151745702552507,1.30385160446167e-07,26,4,0.8666666666666667,-0.2585988579225611,-0.24568516169192112
secondary_structure_group,sheet,mae_shell_1,shell_mean,base_v5,30,-0.20800168236430638,-0.2002488187028682,-0.2639839248646161,-0.14898764318080113,8.326023817062378e-07,26,4,0.8666666666666667,-0.08659410237249619,-0.08529721360420969
secondary_structure_group,sheet,mae_shell_2,shell_mean,base_v5,30,-0.17426454213257495,-0.18933460351889353,-0.2178605976725949,-0.12883815858708528,1.6391277313232422e-07,27,3,0.9,-0.03396754662295349,-0.03625574075221976
secondary_structure_group,sheet,mae_shell_3,shell_mean,base_v5,30,-0.13486360023946817,-0.1482597352165893,-0.17431375912398409,-0.09336276799237167,2.7623027563095093e-06,25,5,0.8333333333333334,-0.011146257580480464,-0.017389265193261685
secondary_structure_group,sheet,mae_shell_4,shell_mean,base_v5,30,-0.18283859495894758,-0.22498749164862725,-0.23219018757458768,-0.13128123293244273,1.1920928955078125e-06,26,4,0.8666666666666667,0.006369223805993635,0.0017254618739753309
secondary_structure_group,sheet,perturbed_auroc,shell_mean,base_v5,28,0.26763997525300637,0.25433978112811195,0.2081568796375656,0.3207245018327357,1.4156103134155273e-07,26,2,0.9285714285714286,0.27722554806221983,0.29020627074376804
secondary_structure_group,sheet,perturbed_auprc,shell_mean,base_v5,28,0.26624844508382306,0.2229060258793291,0.1976041547261831,0.33875967937622564,1.4901161193847656e-08,27,1,0.9642857142857143,0.21181306485282755,0.21332856733899486
secondary_structure_group,sheet,radius_mae,shell_mean,base_v5,30,-7.958786353555784,0.0,-16.529227181876696,-1.5128624778262554,0.013427734375,12,2,0.4,-8.788349886772554,-8.767288056456492
secondary_structure_group,sheet,class_correct,shell_mean,base_v5,30,0.10349804546148814,0.0,-0.044648401073756006,0.2606857086308957,0.27099609375,7,5,0.23333333333333334,0.24132270168855535,0.23429445770410634
secondary_structure_group,sheet,class_macro_f1,shell_mean,base_v5,30,0.03449934848716271,0.0,-0.014882800357918667,0.08689523621029854,0.27099609375,7,5,0.23333333333333334,0.08044090056285177,0.07809815256803544
secondary_structure_group,sheet,non_local_f1,shell_mean,base_v5,30,0.17887678174649496,0.0,0.06328751569898532,0.31556069696997063,0.00390625,9,0,0.3,0.24577861163227016,0.2384690800747941
secondary_structure_group,sheet,non_local_recall,shell_mean,base_v5,29,0.19211386893662238,0.0,0.07210031347962383,0.3335960434086575,0.00390625,9,0,0.3103448275862069,0.2492567487216078,0.24139145452234798
secondary_structure_group,unknown,global_mae,shell_mean,base_v5,4,-0.07135479152201517,-0.09067639457823942,,,,3,1,0.75,-0.03131767112578983,-0.01706996396889208
secondary_structure_group,unknown,shell_mae,shell_mean,base_v5,4,-0.13186459328689032,-0.11851675581802337,,,,2,2,0.5,-0.02269005419350153,-0.0058521792070212785
secondary_structure_group,unknown,mae_shell_0,shell_mean,base_v5,4,-0.32802982083625265,-0.09635679741700487,,,,2,2,0.5,-0.023623718665196324,0.0022069964111101465
secondary_structure_group,unknown,mae_shell_1,shell_mean,base_v5,4,-0.21491868305265446,-0.1413251849694385,,,,3,1,0.75,-0.07348907322304063,-0.05818552269539509
secondary_structure_group,unknown,mae_shell_2,shell_mean,base_v5,4,-0.00980394609635668,-0.03550413776835701,,,,2,2,0.5,0.032429247385796375,0.04703737143276867
secondary_structure_group,unknown,mae_shell_3,shell_mean,base_v5,4,-0.0250773211826167,-0.04083767112111322,,,,3,1,0.75,-0.00773633897488059,0.003731832348793188
secondary_structure_group,unknown,mae_shell_4,shell_mean,base_v5,4,-0.08149319526657163,-0.08095831638120671,,,,3,1,0.75,-0.041030387490186906,-0.02405157353238379
secondary_structure_group,unknown,perturbed_auroc,shell_mean,base_v5,4,0.5121051536706793,0.4924227876255468,,,,4,0,1.0,0.4094704917690184,0.39066055710173025
secondary_structure_group,unknown,perturbed_auprc,shell_mean,base_v5,4,0.32270878079604287,0.2820916743852623,,,,4,0,1.0,0.2183432684597006,0.20967378912476264
secondary_structure_group,unknown,radius_mae,shell_mean,base_v5,4,-5.667951698303223,-1.6046297454833969,,,,2,0,0.5,-3.5543366456643115,-3.775983313621663
secondary_structure_group,unknown,class_correct,shell_mean,base_v5,4,0.26,0.02,,,,2,0,0.5,0.10256410256410256,0.10451320754716982
secondary_structure_group,unknown,class_macro_f1,shell_mean,base_v5,4,0.08666666666666666,0.006666666666666666,,,,2,0,0.5,0.034188034188034185,0.034837735849056604
secondary_structure_group,unknown,non_local_f1,shell_mean,base_v5,4,0.26,0.02,,,,2,0,0.5,0.10256410256410256,0.10451320754716982
secondary_structure_group,unknown,non_local_recall,shell_mean,base_v5,4,0.26,0.02,,,,2,0,0.5,0.10256410256410256,0.10451320754716982
length_group,short,global_mae,shell_mean,base_v5,54,-0.10784701445838335,-0.13132553035975592,-0.14599817257504913,-0.0698147995998221,1.0207209191846472e-05,39,15,0.7222222222222222,-0.0149733840880465,-0.006500468012958883
length_group,short,shell_mae,shell_mean,base_v5,54,-0.10567800494726148,-0.11275497010488063,-0.15129472714755626,-0.060456182739456285,0.00010870462981927382,41,13,0.7592592592592593,-0.04305588571647545,-0.050100189852332715
length_group,short,mae_shell_0,shell_mean,base_v5,54,-0.18378739954707257,-0.18719740978696106,-0.2760695077275004,-0.09442840495850627,0.00038272927847692083,38,16,0.7037037037037037,-0.13035217558381992,-0.16797197283366136
length_group,short,mae_shell_1,shell_mean,base_v5,54,-0.08272977066524126,-0.08382414404062388,-0.13442576933341574,-0.032375543115801805,0.002474096740177823,37,17,0.6851851851851852,-0.03527989610415941,-0.05445433483209483
length_group,short,mae_shell_2,shell_mean,base_v5,54,-0.07766742814508924,-0.12247653097405697,-0.11900795653029414,-0.0352425741891055,0.0008751920962038262,36,18,0.6666666666666666,-0.029619659741274444,-0.026563872246464566
length_group,short,mae_shell_3,shell_mean,base_v5,54,-0.06430991101730148,-0.09953836188231471,-0.10149074319636242,-0.026303626954943315,0.001422305761865023,36,18,0.6666666666666666,-0.008429278887229313,-0.0019910768646146273
length_group,short,mae_shell_4,shell_mean,base_v5,54,-0.11989551536160274,-0.1515317660361049,-0.15974860079054318,-0.0806610708879269,4.930565409917243e-06,41,13,0.7592592592592593,-0.011598418265894372,0.00048030751517151777
length_group,short,perturbed_auroc,shell_mean,base_v5,52,0.2507866694027235,0.27027764098317913,0.20564408270656995,0.29167601267093135,7.751023818890167e-09,48,4,0.9230769230769231,0.2732120941361352,0.2733890615743358
length_group,short,perturbed_auprc,shell_mean,base_v5,52,0.2768848277755543,0.2534409319044518,0.21624871698201323,0.3415278937208009,3.2292996276988743e-09,50,2,0.9615384615384616,0.20893653476980745,0.21023066755061448
length_group,short,radius_mae,shell_mean,base_v5,54,-8.020018797893336,0.0,-15.43639639779819,-2.1727021778669697,0.000255584716796875,20,2,0.37037037037037035,-10.915536157057359,-12.384848843395735
length_group,short,class_correct,shell_mean,base_v5,54,0.11756210330942876,0.0,0.022155571407931764,0.21651909159105084,0.020866333367096635,15,7,0.2777777777777778,0.31290436419244794,0.3612924200855501
length_group,short,class_macro_f1,shell_mean,base_v5,54,0.03918736776980959,0.0,0.007385190469310587,0.07217303053035028,0.020866333367096635,15,7,0.2777777777777778,0.10430145473081598,0.12043080669518336
length_group,short,non_local_f1,shell_mean,base_v5,54,0.17719311796419351,0.0,0.09331493331195631,0.2688041419814977,0.00041870024239133854,16,0,0.2962962962962963,0.3371760185076266,0.3757445964663977
length_group,short,non_local_recall,shell_mean,base_v5,52,0.2080888070071213,0.0,0.11340858914529688,0.3125508407987492,0.0003616167931398993,16,0,0.3076923076923077,0.3526637411311159,0.38881318928107234
length_group,long,global_mae,shell_mean,base_v5,48,-0.17199847034995966,-0.18969293180900793,-0.21862886112612434,-0.12460837730666875,4.564771671766721e-08,40,8,0.8333333333333334,0.009722687070727192,0.0033182858874777933
length_group,long,shell_mae,shell_mean,base_v5,48,-0.19103723792680438,-0.22607719724468925,-0.24162356688683329,-0.1399061924253551,2.9813804758305196e-08,39,9,0.8125,-0.04857687546465522,-0.05186452398264339
length_group,long,mae_shell_0,shell_mean,base_v5,48,-0.3203116609978945,-0.4407813793846539,-0.4049451368869412,-0.23211306172808427,1.2111402014625128e-07,39,9,0.8125,-0.18659462939804614,-0.1847193363211544
length_group,long,mae_shell_1,shell_mean,base_v5,48,-0.18679790572783528,-0.21886883815627195,-0.24200372774960868,-0.13165704881078374,1.6541982716944403e-07,39,9,0.8125,-0.07701256531921687,-0.0792593333321599
length_group,long,mae_shell_2,shell_mean,base_v5,48,-0.14793107162175143,-0.17717988243278823,-0.19452428721004994,-0.10171969457422966,7.707442080118199e-07,35,13,0.7291666666666666,-0.006610748205497069,-0.01125588152731173
length_group,long,mae_shell_3,shell_mean,base_v5,48,-0.12363435936177365,-0.15060635319906063,-0.16457659709012995,-0.08233251519567208,2.9192130881483536e-06,35,13,0.7291666666666666,0.006738825803662796,0.002441252292459888
length_group,long,mae_shell_4,shell_mean,base_v5,48,-0.1765111919247669,-0.19929483710874113,-0.22457128411568192,-0.12755834322031967,4.9636213361736736e-08,41,7,0.8541666666666666,0.020594739795821056,0.013470678974949146
length_group,long,perturbed_auroc,shell_mean,base_v5,44,0.2691484126511523,0.2705419939466971,0.233438050328011,0.3067724116833124,1.1368683772161603e-13,44,0,1.0,0.25991504457207715,0.2583634505479435
length_group,long,perturbed_auprc,shell_mean,base_v5,44,0.18617392656248108,0.17435912542555304,0.14047841830010863,0.23581590164718116,2.3533175408374518e-11,43,1,0.9772727272727273,0.22073291580292817,0.22078015606483994
length_group,long,radius_mae,shell_mean,base_v5,48,-9.949031236799724,0.0,-16.06229641099296,-4.677330187242745,3.0517578125e-05,16,0,0.3333333333333333,-19.155369180349506,-18.557881937340394
length_group,long,class_correct,shell_mean,base_v5,48,0.16899056807135251,0.0,0.033823877005120996,0.30675755755341755,0.02780957147882754,15,4,0.3125,0.4826643226877625,0.46271453224540793
length_group,long,class_macro_f1,shell_mean,base_v5,48,0.0563301893571175,0.0,0.011274625668373665,0.10225251918447248,0.02780957147882754,15,4,0.3125,0.16088810756258748,0.15423817741513596
length_group,long,non_local_f1,shell_mean,base_v5,48,0.2508989075527002,0.0,0.14075304474853048,0.3678076441797063,0.0005670375762707221,15,0,0.3125,0.4856919621056744,0.4663932602467534
length_group,long,non_local_recall,shell_mean,base_v5,44,0.2898894781257898,0.0,0.16750841481892437,0.42230317529360595,0.00042009973447571506,15,0,0.3409090909090909,0.4899507389162562,0.47191832340776413
resolution_group,low_resolution,global_mae,shell_mean,base_v5,72,-0.09068078437883592,-0.0884609225168303,-0.1271751552030845,-0.05415626448472144,2.2669907531115662e-05,49,23,0.6805555555555556,-0.009613197002964232,-0.014517068989252029
resolution_group,low_resolution,shell_mae,shell_mean,base_v5,72,-0.08980026895455404,-0.07723072561008905,-0.1301985224367388,-0.04985972758258589,0.00015893927226927625,51,21,0.7083333333333334,-0.03504834091093048,-0.04582691118204183
resolution_group,low_resolution,mae_shell_0,shell_mean,base_v5,72,-0.15772123427204277,-0.1655138188421175,-0.24090678376219296,-0.0749079136413558,0.0006585027299124894,50,22,0.6944444444444444,-0.11291985973505406,-0.13599977366850255
resolution_group,low_resolution,mae_shell_1,shell_mean,base_v5,72,-0.07695539056355703,-0.08613901130027232,-0.12238093225779323,-0.030538896882389574,0.0026798669711080056,48,24,0.6666666666666666,-0.03845825474494302,-0.05650004515702183
resolution_group,low_resolution,mae_shell_2,shell_mean,base_v5,72,-0.06653985113316556,-0.08771458750836861,-0.10372515061426904,-0.029541586568724427,0.0013278638978339692,45,27,0.625,-0.016813195823771217,-0.022047965876355262
resolution_group,low_resolution,mae_shell_3,shell_mean,base_v5,72,-0.0483170554091347,-0.049257822464019704,-0.08071006689601853,-0.015298380968515502,0.003991929761243792,47,25,0.6527777777777778,-0.0006040854576942683,-0.004638765167890385
resolution_group,low_resolution,mae_shell_4,shell_mean,base_v5,72,-0.09946781339487017,-0.10495576906005526,-0.13738217572545577,-0.061293394352656606,1.6341659306116404e-05,52,20,0.7222222222222222,-0.0064463087931898285,-0.009948006040439134
resolution_group,low_resolution,perturbed_auroc,shell_mean,base_v5,68,0.25950687316996796,0.2801393388685214,0.21909545328089025,0.29645256542986564,1.5215441946253228e-11,65,3,0.9558823529411765,0.2676238361823198,0.26818298878479785
resolution_group,low_resolution,perturbed_auprc,shell_mean,base_v5,68,0.23786044956023503,0.23444253340363685,0.19422132271694978,0.2824391142836377,8.059521001028537e-12,66,2,0.9705882352941176,0.22483638713257234,0.22706535064285788
resolution_group,low_resolution,radius_mae,shell_mean,base_v5,72,-10.166620669805447,0.0,-16.78741347066575,-4.650600536355965,1.8298625946044922e-05,24,1,0.3333333333333333,-12.867239044316792,-13.59951115577262
resolution_group,low_resolution,class_correct,shell_mean,base_v5,72,0.15428792479315515,0.0,0.06092127396050784,0.2526536254723059,0.002860391712824908,19,5,0.2638888888888889,0.3445800430725054,0.3569822318041764
resolution_group,low_resolution,class_macro_f1,shell_mean,base_v5,72,0.05142930826438505,0.0,0.020307091320169276,0.0842178751574353,0.002860391712824908,19,5,0.2638888888888889,0.11486001435750179,0.11899407726805877
resolution_group,low_resolution,non_local_f1,shell_mean,base_v5,72,0.19806045266503156,0.0,0.1166358375758062,0.2874381110717698,0.00010869971673531023,19,0,0.2638888888888889,0.3637473079684135,0.3677414202043587
resolution_group,low_resolution,non_local_recall,shell_mean,base_v5,68,0.2187250663401457,0.0,0.12956590545868435,0.31553873699753465,9.188124469507763e-05,19,0,0.27941176470588236,0.3772615590797409,0.37771673927301025
resolution_group,high_resolution,global_mae,shell_mean,base_v5,52,-0.20101778729663344,-0.230220921727202,-0.2365146222161998,-0.16363279961878258,3.811449529659895e-09,46,6,0.8846153846153846,-0.0015242330757794806,0.0044945169658216965
resolution_group,high_resolution,shell_mae,shell_mean,base_v5,52,-0.21260002389744098,-0.2568354789530014,-0.25634857465836675,-0.16694904212623543,1.9210186068833346e-08,44,8,0.8461538461538461,-0.050063589913051806,-0.05338115870539085
resolution_group,high_resolution,mae_shell_0,shell_mean,base_v5,52,-0.33602496483230515,-0.42250990867614746,-0.4114354582722699,-0.257195709893208,6.00623510794403e-08,42,10,0.8076923076923077,-0.1738629905031994,-0.19500533209814003
resolution_group,high_resolution,mae_shell_1,shell_mean,base_v5,52,-0.19734643273318836,-0.25432648817225106,-0.24662203592272286,-0.145664998003839,1.277730414095138e-07,42,10,0.8076923076923077,-0.06056232299629475,-0.07235101181776994
resolution_group,high_resolution,mae_shell_2,shell_mean,base_v5,52,-0.1651506182468815,-0.20619934072777737,-0.20590713419363907,-0.12252611673844711,9.954842091192605e-08,42,10,0.8076923076923077,-0.020484766974782624,-0.017036991358429794
resolution_group,high_resolution,mae_shell_3,shell_mean,base_v5,52,-0.15394419250961114,-0.1792032530277996,-0.18667486231682673,-0.11996765206975742,1.9210186068833346e-08,42,10,0.8076923076923077,-0.002139069427722089,0.0025309042478948002
resolution_group,high_resolution,mae_shell_4,shell_mean,base_v5,52,-0.21053391116521858,-0.2533344428635954,-0.24577460039585203,-0.17277235013704084,2.3131084588615123e-09,46,6,0.8846153846153846,0.0067312003367400244,0.01495663749949096
resolution_group,high_resolution,perturbed_auroc,shell_mean,base_v5,48,0.27900839255639637,0.2711080553205449,0.24514326937623948,0.31288354965869486,1.4210854715202004e-14,47,1,0.9791666666666666,0.26696735926746584,0.26421914404269414
resolution_group,high_resolution,perturbed_auprc,shell_mean,base_v5,48,0.2641840577525629,0.2173161467498867,0.20046351541792576,0.3339401980704939,7.815970093361102e-13,47,1,0.9791666666666666,0.20979715381979858,0.21077143778956126
resolution_group,high_resolution,radius_mae,shell_mean,base_v5,52,-2.677777493059957,0.0,-5.955294433999769,0.5549997218306605,0.0055694580078125,15,2,0.28846153846153844,-15.331875099101376,-16.51026200841941
resolution_group,high_resolution,class_correct,shell_mean,base_v5,52,0.04801167378611359,0.0,-0.05665490101686422,0.15087966633659505,0.28582131637768526,12,8,0.23076923076923078,0.40760038688340455,0.4398920559855845
resolution_group,high_resolution,class_macro_f1,shell_mean,base_v5,52,0.01600389126203787,0.0,-0.018884967005621398,0.050293222112198346,0.285863546366556,12,8,0.23076923076923078,0.13586679562780155,0.14663068532852813
resolution_group,high_resolution,non_local_f1,shell_mean,base_v5,52,0.14914515993441732,0.0,0.07394793134745764,0.23360137226560332,0.0009702397523702138,14,0,0.2692307692307692,0.42051730055224484,0.44785344647315467
resolution_group,high_resolution,non_local_recall,shell_mean,base_v5,48,0.19412541255002777,0.0,0.10003948165151783,0.30094319758687893,0.0008856140541564657,14,0,0.2916666666666667,0.43126839882247536,0.4571089530429854
domain_group,single_domain,global_mae,shell_mean,base_v5,51,-0.14197386083113328,-0.15422707444686198,-0.17968439387906546,-0.10361258706520224,2.4072156769997937e-07,42,9,0.8235294117647058,0.003331112149608467,0.008724440598074475
domain_group,single_domain,shell_mae,shell_mean,base_v5,51,-0.13822733834968387,-0.1365614420845445,-0.1856132012472054,-0.09154981677401929,5.712560330291124e-06,42,9,0.8235294117647058,-0.04032922766453646,-0.044932731056960655
domain_group,single_domain,mae_shell_0,shell_mean,base_v5,51,-0.20599764901044942,-0.228431330786811,-0.294588667615554,-0.1141953135906845,0.00011252319995869441,38,13,0.7450980392156863,-0.15222093861203584,-0.17586774550123965
domain_group,single_domain,mae_shell_1,shell_mean,base_v5,51,-0.12257154926738441,-0.12208414503506254,-0.17312518286630102,-0.07221771099572098,5.345935637952492e-05,38,13,0.7450980392156863,-0.04958961078214137,-0.063181971236402
domain_group,single_domain,mae_shell_2,shell_mean,base_v5,51,-0.10724792707955402,-0.1362927757641848,-0.15023661877344235,-0.06454873268641595,5.136278672605571e-05,38,13,0.7450980392156863,-0.013882642864325924,-0.011090686103406406
domain_group,single_domain,mae_shell_3,shell_mean,base_v5,51,-0.10015443009209041,-0.11179511062800884,-0.13493262966259945,-0.06621499677958445,5.971822280590189e-06,38,13,0.7450980392156863,0.00324763518398042,0.0069314845593883186
domain_group,single_domain,mae_shell_4,shell_mean,base_v5,51,-0.15516513629894108,-0.16309430498161662,-0.19327239144024588,-0.11623554075769231,1.0680050585595924e-07,44,7,0.8627450980392157,0.010799418751840513,0.01854526299685658
domain_group,single_domain,perturbed_auroc,shell_mean,base_v5,48,0.27740768033217006,0.2782220903235114,0.230660814599982,0.32015851747039026,9.232081765730982e-11,46,2,0.9583333333333334,0.2675020172547138,0.26732285590937355
domain_group,single_domain,perturbed_auprc,shell_mean,base_v5,48,0.25167634699748503,0.2544872853884207,0.20115977903009977,0.3035539346043594,3.537081738613779e-11,46,2,0.9583333333333334,0.21197634771170523,0.21377414710991566
domain_group,single_domain,radius_mae,shell_mean,base_v5,51,-2.05199329572381,0.0,-4.44612716774455,0.7967532076356151,0.0055694580078125,15,2,0.29411764705882354,-15.061284519371116,-16.410317416295563
domain_group,single_domain,class_correct,shell_mean,base_v5,51,0.02958118941466542,0.0,-0.07911085992197969,0.13998512862034074,0.5078766779147323,12,9,0.23529411764705882,0.4058562762482501,0.44360547904607
domain_group,single_domain,class_macro_f1,shell_mean,base_v5,51,0.009860396471555139,0.0,-0.026370286640659893,0.04666170954011358,0.5078766779147323,12,9,0.23529411764705882,0.13528542541608338,0.1478684930153567
domain_group,single_domain,non_local_f1,shell_mean,base_v5,51,0.13753072318840479,0.0,0.06361993449234814,0.22085517073684263,0.000244140625,13,0,0.2549019607843137,0.4206252916472235,0.45171268319021773
domain_group,single_domain,non_local_recall,shell_mean,base_v5,47,0.167319400736419,0.0,0.07845480834177644,0.2657987390597117,0.000244140625,13,0,0.2765957446808511,0.4319118351701006,0.46007952170399646
domain_group,multi_domain,global_mae,shell_mean,base_v5,48,-0.14247753403942354,-0.1669230793446724,-0.1914906081914711,-0.09223853240228959,2.9192130881483536e-06,36,12,0.75,-0.10491113680682403,-0.09667205558608592
domain_group,multi_domain,shell_mae,shell_mean,base_v5,48,-0.15160642896222873,-0.19805217699427127,-0.20578310684032433,-0.09670987416577866,7.36081411645273e-06,35,13,0.7291666666666666,-0.11696386324283319,-0.10857674622485719
domain_group,multi_domain,mae_shell_0,shell_mean,base_v5,48,-0.27141841713146936,-0.2954308272879801,-0.36849224009667847,-0.17548503259564702,3.1106858529028614e-06,36,12,0.75,-0.19855304278528257,-0.18457033305350048
domain_group,multi_domain,mae_shell_1,shell_mean,base_v5,48,-0.1378528000952788,-0.16716827047279195,-0.1973166894863039,-0.07575397436180302,0.00010967174707587901,35,13,0.7291666666666666,-0.11286783055343762,-0.10789360304359598
domain_group,multi_domain,mae_shell_2,shell_mean,base_v5,48,-0.11467711318641355,-0.1389566659962586,-0.1630410941436875,-0.06599565281980449,7.754913146129638e-05,32,16,0.6666666666666666,-0.09510133893758263,-0.08914778341193251
domain_group,multi_domain,mae_shell_3,shell_mean,base_v5,48,-0.0857537401348472,-0.13419743863432465,-0.13052395791134402,-0.03819753556800605,0.0008590546159439327,32,16,0.6666666666666666,-0.06969278165433791,-0.06219842954790131
domain_group,multi_domain,mae_shell_4,shell_mean,base_v5,48,-0.1483300742631347,-0.155053776928578,-0.19944141417496455,-0.09626330767416141,2.568754773335513e-06,37,11,0.7708333333333334,-0.10860432228352519,-0.09907358206735573
domain_group,multi_domain,perturbed_auroc,shell_mean,base_v5,45,0.24652007211767654,0.25121454831932777,0.21008286885931557,0.2835692268071399,2.8421709430404007e-13,43,2,0.9555555555555556,0.2623410524618982,0.2469035191547011
domain_group,multi_domain,perturbed_auprc,shell_mean,base_v5,45,0.21644267291880712,0.1609579873971667,0.15343778093789975,0.29020769686953624,1.4381384971784428e-11,44,1,0.9777777777777777,0.2478911138081511,0.23500806728530857
domain_group,multi_domain,radius_mae,shell_mean,base_v5,48,-16.759099526616055,0.0,-25.820968031849414,-8.914191672989652,1.9073486328125e-06,20,0,0.4166666666666667,-8.073903894715473,-8.207199012758352
domain_group,multi_domain,class_correct,shell_mean,base_v5,48,0.2661182333813091,0.0,0.14832958851431896,0.3904652346128932,0.00028799717838846845,17,2,0.3541666666666667,0.15065852875040153,0.14151545368341426
domain_group,multi_domain,class_macro_f1,shell_mean,base_v5,48,0.08870607779376967,0.0,0.049443196171439656,0.13015507820429767,0.00028799717838846845,17,2,0.3541666666666667,0.05021950958346717,0.04717181789447142
domain_group,multi_domain,non_local_f1,shell_mean,base_v5,48,0.2921112468622169,0.0,0.1734868327343546,0.4175228505672841,0.00022977615023025405,17,0,0.3541666666666667,0.1657565049791198,0.1567001129935905
domain_group,multi_domain,non_local_recall,shell_mean,base_v5,46,0.3200124664092627,0.0,0.19437967412631157,0.4532608730616704,0.00015951789847960227,17,0,0.3695652173913043,0.17574931880108993,0.16649671773301378
domain_group,unknown,global_mae,shell_mean,base_v5,3,0.12216181386649953,0.15168430661713628,,,,0,3,0.0,0.13148419804063488,0.13533225442022756
domain_group,unknown,shell_mae,shell_mean,base_v5,3,-0.02116101433162698,-0.028128912676609608,,,,3,0,1.0,-0.024038151939147934,-0.02537220791941005
domain_group,unknown,mae_shell_0,shell_mean,base_v5,3,-0.3621658744911353,-0.400138258934021,,,,3,0,1.0,-0.3964129531135162,-0.4153645784147569
domain_group,unknown,mae_shell_1,shell_mean,base_v5,3,0.0003851052708726728,-0.007837945222854609,,,,2,1,0.6666666666666666,-0.004778539483982415,-0.007465353830558527
domain_group,unknown,mae_shell_2,shell_mean,base_v5,3,0.02524999547011079,0.003938748404897496,,,,1,2,0.3333333333333333,0.036932142976638674,0.04573767082454016
domain_group,unknown,mae_shell_3,shell_mean,base_v5,3,0.09280281332116382,0.08722488425279917,,,,0,3,0.0,0.09822008136896115,0.10272756233610172
domain_group,unknown,mae_shell_4,shell_mean,base_v5,3,0.1379228887708532,0.16962536791207716,,,,0,3,0.0,0.14584850855615922,0.14750365948762334
domain_group,unknown,perturbed_auroc,shell_mean,base_v5,3,0.20915217283854035,0.2227979274611399,,,,3,0,1.0,0.23321284366549414,0.2571674137983056
domain_group,unknown,perturbed_auprc,shell_mean,base_v5,3,0.21524241335126792,0.19854820419920893,,,,3,0,1.0,0.2814188290769747,0.3074870984247344
domain_group,unknown,radius_mae,shell_mean,base_v5,3,3.024772644042964,0.0,,,,0,1,0.0,2.268579483032223,1.999483718528401
domain_group,unknown,class_correct,shell_mean,base_v5,3,0.0,0.0,,,,0,0,0.0,0.0,0.0
domain_group,unknown,class_macro_f1,shell_mean,base_v5,3,0.0,0.0,,,,0,0,0.0,0.0,0.0
domain_group,unknown,non_local_f1,shell_mean,base_v5,3,0.16666666666666666,0.0,,,,1,0,0.3333333333333333,0.125,0.11017267267267267
domain_group,unknown,non_local_recall,shell_mean,base_v5,3,0.3333333333333333,0.0,,,,1,0,0.3333333333333333,0.14285714285714285,0.12381354144695211
